n; comparisons; ; ; ; ; ; ; ; ; ; ; ; ; ; ; ; ; ; ; ; ; ; ; ; ; ; ; ; ; ; ; ; ; ; ; ; ; ; ; ; ; ; ; ; ; ; ; ; ; ; swaps;
100; 294; 298; 265; 290; 284; 286; 293; 279; 312; 322; 285; 303; 356; 289; 253; 282; 301; 305; 295; 272; 298; 291; 297; 279; 301; 297; 305; 287; 288; 293; 276; 296; 290; 292; 313; 297; 313; 270; 290; 284; 276; 311; 279; 312; 307; 248; 307; 292; 300; 293; 111; 113; 92; 107; 109; 112; 116; 110; 118; 122; 108; 116; 139; 107; 90; 105; 112; 114; 108; 97; 108; 110; 114; 110; 111; 113; 133; 109; 109; 117; 110; 119; 115; 109; 121; 112; 117; 97; 101; 101; 107; 118; 100; 118; 126; 97; 116; 117; 115; 116; 
200; 632; 594; 581; 613; 570; 597; 594; 596; 587; 584; 603; 586; 597; 603; 567; 575; 599; 620; 565; 587; 610; 589; 584; 586; 594; 570; 619; 582; 583; 574; 616; 598; 599; 564; 623; 593; 651; 600; 602; 596; 560; 606; 584; 582; 582; 591; 584; 594; 591; 603; 237; 214; 201; 222; 197; 211; 210; 213; 208; 203; 218; 214; 216; 217; 204; 207; 209; 225; 196; 210; 225; 210; 202; 208; 209; 195; 224; 204; 212; 200; 229; 216; 215; 195; 229; 213; 240; 215; 219; 201; 195; 218; 207; 199; 211; 214; 206; 207; 207; 208; 
300; 902; 920; 907; 888; 876; 907; 883; 886; 881; 892; 883; 856; 895; 868; 888; 909; 893; 889; 939; 903; 884; 875; 886; 924; 884; 912; 909; 894; 878; 878; 895; 922; 867; 879; 881; 877; 862; 888; 906; 867; 903; 900; 916; 880; 871; 909; 903; 893; 906; 883; 308; 311; 310; 306; 313; 332; 309; 317; 310; 320; 312; 307; 313; 312; 302; 322; 307; 314; 320; 302; 309; 308; 306; 322; 306; 301; 308; 319; 313; 296; 320; 310; 313; 312; 303; 312; 299; 302; 311; 297; 328; 307; 330; 309; 307; 303; 313; 321; 317; 312; 
400; 1227; 1238; 1143; 1199; 1201; 1218; 1217; 1157; 1231; 1197; 1140; 1153; 1191; 1118; 1192; 1168; 1150; 1196; 1208; 1201; 1183; 1180; 1186; 1212; 1200; 1151; 1203; 1189; 1169; 1171; 1199; 1181; 1172; 1206; 1147; 1175; 1167; 1168; 1185; 1211; 1224; 1161; 1171; 1144; 1203; 1180; 1214; 1175; 1180; 1206; 416; 416; 402; 422; 415; 413; 414; 406; 422; 421; 385; 402; 421; 382; 409; 412; 393; 417; 410; 419; 399; 409; 422; 425; 407; 399; 423; 414; 407; 411; 410; 415; 402; 409; 383; 399; 403; 411; 402; 419; 428; 401; 410; 399; 411; 410; 424; 400; 405; 406; 
500; 1450; 1566; 1500; 1507; 1524; 1457; 1474; 1484; 1464; 1445; 1500; 1541; 1484; 1420; 1445; 1429; 1458; 1457; 1539; 1436; 1451; 1549; 1466; 1427; 1427; 1473; 1392; 1446; 1440; 1468; 1464; 1434; 1548; 1417; 1456; 1482; 1525; 1546; 1465; 1455; 1583; 1475; 1501; 1463; 1541; 1487; 1497; 1489; 1501; 1438; 496; 542; 516; 531; 526; 506; 498; 497; 511; 500; 526; 532; 504; 481; 495; 488; 501; 504; 533; 487; 496; 538; 501; 484; 492; 504; 472; 499; 500; 492; 499; 481; 544; 480; 505; 498; 523; 536; 500; 505; 566; 500; 507; 510; 521; 508; 527; 523; 507; 496; 
600; 1766; 1751; 1781; 1669; 1844; 1751; 1749; 1845; 1779; 1804; 1683; 1694; 1822; 1794; 1808; 1774; 1757; 1776; 1811; 1776; 1828; 1790; 1874; 1819; 1790; 1791; 1790; 1808; 1766; 1819; 1777; 1826; 1775; 1769; 1779; 1763; 1756; 1780; 1789; 1776; 1769; 1790; 1804; 1785; 1824; 1775; 1790; 1794; 1790; 1830; 596; 600; 612; 559; 629; 603; 602; 626; 603; 626; 589; 561; 619; 617; 607; 616; 598; 607; 618; 605; 619; 607; 646; 605; 612; 617; 608; 610; 611; 612; 608; 623; 604; 603; 612; 595; 599; 616; 609; 616; 603; 609; 607; 592; 616; 599; 604; 615; 607; 612; 
700; 2039; 2078; 2152; 2076; 2156; 2038; 2012; 2044; 2097; 2051; 2052; 2055; 2068; 2115; 2071; 2083; 2097; 2042; 2154; 2006; 2084; 2095; 2131; 2093; 2093; 2118; 2055; 2094; 1999; 2089; 2090; 2139; 2061; 1999; 2064; 2105; 2187; 2044; 2046; 2050; 2135; 2081; 2071; 2102; 2052; 2081; 2057; 2143; 2165; 2097; 684; 710; 747; 708; 744; 686; 680; 690; 719; 692; 694; 700; 698; 731; 707; 711; 714; 691; 747; 675; 710; 708; 736; 717; 710; 738; 692; 717; 667; 712; 709; 741; 710; 677; 704; 715; 764; 688; 689; 697; 736; 714; 712; 716; 695; 711; 692; 738; 753; 718; 
800; 2330; 2305; 2375; 2271; 2378; 2385; 2344; 2387; 2334; 2387; 2324; 2405; 2384; 2393; 2322; 2417; 2318; 2379; 2373; 2338; 2353; 2348; 2274; 2436; 2445; 2420; 2395; 2311; 2342; 2400; 2366; 2332; 2328; 2376; 2402; 2339; 2332; 2443; 2338; 2362; 2408; 2371; 2374; 2413; 2377; 2299; 2337; 2394; 2321; 2385; 779; 792; 792; 785; 819; 797; 811; 805; 805; 803; 789; 811; 817; 810; 786; 814; 786; 804; 803; 797; 796; 805; 771; 818; 819; 806; 819; 780; 794; 812; 816; 791; 793; 804; 808; 797; 805; 814; 801; 813; 817; 813; 815; 824; 821; 792; 793; 823; 794; 818; 
900; 2703; 2669; 2657; 2674; 2705; 2495; 2763; 2729; 2627; 2687; 2663; 2554; 2653; 2703; 2700; 2650; 2669; 2680; 2713; 2656; 2676; 2724; 2645; 2740; 2651; 2705; 2698; 2635; 2761; 2675; 2647; 2662; 2713; 2670; 2643; 2693; 2518; 2686; 2660; 2659; 2687; 2688; 2635; 2715; 2668; 2674; 2700; 2538; 2542; 2696; 910; 914; 902; 899; 908; 851; 907; 920; 894; 908; 906; 851; 896; 904; 907; 899; 899; 908; 912; 910; 888; 911; 901; 918; 899; 918; 902; 898; 922; 914; 911; 905; 908; 903; 900; 910; 852; 903; 906; 911; 897; 909; 903; 925; 905; 909; 921; 851; 850; 921; 
1000; 2938; 2982; 2985; 2961; 2889; 3065; 2946; 3013; 2922; 3014; 3003; 2898; 3010; 2941; 2920; 2934; 2889; 2974; 2894; 3001; 3027; 2955; 2934; 2980; 2926; 2951; 2983; 2906; 3062; 2966; 3016; 2855; 2969; 2957; 2896; 2963; 2930; 3052; 2934; 2948; 2984; 2978; 3037; 2942; 2995; 2957; 3023; 2979; 2922; 2947; 1018; 1008; 1022; 1005; 988; 1020; 1006; 1014; 1012; 1025; 1030; 968; 1023; 1013; 982; 999; 972; 991; 986; 1023; 1023; 1005; 998; 1009; 1014; 1011; 999; 970; 1018; 984; 1023; 960; 1011; 1004; 1002; 1018; 1003; 1016; 999; 1001; 1013; 1002; 1014; 1008; 1022; 1011; 1013; 1007; 1012; 999; 
1100; 3314; 3211; 3294; 3311; 3320; 3300; 3282; 3262; 3154; 3314; 3375; 3222; 3222; 3363; 3360; 3309; 3371; 3342; 3185; 3248; 3328; 3451; 3325; 3284; 3090; 3338; 3271; 3170; 3337; 3232; 3316; 3337; 3297; 3324; 3286; 3317; 3236; 3296; 3315; 3187; 3350; 3362; 3353; 3338; 3272; 3283; 3337; 3321; 3351; 3292; 1118; 1077; 1128; 1120; 1124; 1122; 1115; 1100; 1038; 1129; 1152; 1085; 1097; 1144; 1148; 1132; 1159; 1153; 1064; 1089; 1145; 1191; 1137; 1105; 1037; 1135; 1092; 1045; 1135; 1084; 1126; 1137; 1135; 1119; 1118; 1130; 1091; 1120; 1134; 1057; 1146; 1152; 1132; 1147; 1105; 1107; 1141; 1139; 1145; 1112; 
1200; 3600; 3574; 3665; 3568; 3549; 3511; 3519; 3534; 3582; 3696; 3592; 3653; 3527; 3561; 3468; 3636; 3565; 3611; 3600; 3623; 3592; 3667; 3658; 3564; 3554; 3452; 3603; 3667; 3497; 3495; 3513; 3655; 3560; 3574; 3629; 3604; 3591; 3708; 3613; 3651; 3626; 3635; 3548; 3589; 3585; 3625; 3588; 3598; 3625; 3651; 1219; 1202; 1234; 1188; 1206; 1181; 1191; 1183; 1216; 1278; 1218; 1248; 1188; 1199; 1144; 1227; 1215; 1227; 1207; 1223; 1239; 1265; 1259; 1213; 1192; 1154; 1225; 1268; 1160; 1170; 1194; 1240; 1205; 1219; 1240; 1241; 1227; 1275; 1232; 1246; 1237; 1231; 1196; 1213; 1207; 1233; 1221; 1225; 1212; 1259; 
1300; 3736; 3970; 4032; 2943; 3986; 3890; 3805; 3905; 3829; 3829; 3771; 3892; 3962; 3875; 3823; 3955; 3994; 3786; 3929; 3990; 3864; 3924; 4034; 3926; 3932; 3849; 4026; 3868; 4000; 3851; 3961; 3959; 3921; 3918; 3862; 3832; 3850; 3945; 2915; 3821; 3917; 3772; 3909; 3943; 3907; 3929; 4000; 3887; 3882; 3763; 1243; 1351; 1388; 994; 1365; 1341; 1280; 1328; 1284; 1268; 1270; 1318; 1358; 1299; 1298; 1352; 1353; 1257; 1344; 1367; 1306; 1329; 1382; 1330; 1332; 1310; 1384; 1301; 1375; 1297; 1347; 1350; 1335; 1338; 1310; 1301; 1294; 1346; 981; 1291; 1334; 1252; 1325; 1323; 1315; 1328; 1364; 1303; 1318; 1257; 
1400; 4205; 4196; 4229; 4239; 4008; 4126; 4153; 4180; 4302; 4167; 4109; 4231; 4111; 4172; 4131; 4186; 4145; 4159; 4126; 4108; 4185; 4233; 4257; 4232; 4145; 4149; 4126; 4156; 4126; 4178; 4087; 4174; 4147; 4100; 4300; 4079; 4177; 4123; 4237; 4090; 4155; 4147; 4154; 4082; 4223; 4151; 4190; 4234; 4239; 4178; 1398; 1405; 1420; 1443; 1363; 1375; 1392; 1405; 1446; 1403; 1402; 1438; 1392; 1412; 1406; 1436; 1410; 1403; 1400; 1379; 1417; 1441; 1407; 1428; 1395; 1395; 1384; 1398; 1391; 1416; 1356; 1412; 1399; 1362; 1477; 1381; 1405; 1379; 1425; 1358; 1391; 1397; 1424; 1366; 1430; 1395; 1415; 1417; 1426; 1409; 
1500; 4514; 4476; 4475; 4456; 4455; 4479; 4491; 4441; 4423; 4432; 4509; 4487; 4525; 4398; 4535; 4451; 4543; 4509; 4521; 4447; 4447; 4530; 4529; 4476; 4473; 4430; 4473; 4463; 4460; 4473; 4521; 4474; 4409; 4426; 4462; 4441; 4523; 4460; 4483; 4565; 4315; 4464; 4532; 4487; 4423; 4478; 4404; 4490; 4491; 4455; 1518; 1508; 1503; 1503; 1491; 1511; 1547; 1508; 1499; 1507; 1502; 1508; 1514; 1486; 1516; 1490; 1531; 1532; 1504; 1509; 1493; 1515; 1517; 1508; 1517; 1504; 1513; 1525; 1502; 1500; 1521; 1515; 1512; 1517; 1485; 1504; 1500; 1503; 1501; 1513; 1455; 1512; 1523; 1509; 1494; 1493; 1527; 1499; 1513; 1517; 
1600; 4755; 4795; 4795; 4797; 4800; 4826; 4764; 4739; 4754; 4814; 4872; 4791; 4743; 4802; 4859; 4794; 4780; 4775; 4774; 4750; 4836; 4825; 4742; 4729; 4764; 4727; 4763; 4773; 4766; 4759; 4770; 4764; 4797; 4712; 4721; 4684; 4788; 4656; 4779; 4720; 4822; 4804; 4797; 4847; 4791; 4694; 4779; 4721; 4793; 4815; 1584; 1622; 1617; 1612; 1621; 1627; 1604; 1611; 1592; 1618; 1611; 1617; 1595; 1604; 1619; 1608; 1593; 1595; 1618; 1614; 1633; 1612; 1599; 1621; 1601; 1605; 1606; 1598; 1600; 1614; 1615; 1607; 1615; 1596; 1608; 1601; 1593; 1596; 1613; 1605; 1623; 1631; 1590; 1621; 1624; 1597; 1624; 1582; 1618; 1633; 
1700; 5096; 5257; 4995; 5179; 5180; 5070; 5086; 5074; 5086; 5091; 5184; 5048; 5008; 5088; 5149; 5179; 5114; 5137; 5205; 5141; 5100; 5063; 5104; 5158; 4996; 4998; 5118; 5001; 5212; 5167; 5199; 5013; 5087; 5078; 5146; 4971; 5184; 5222; 5220; 5111; 5122; 4981; 5175; 5010; 5181; 5088; 5116; 5217; 5109; 5137; 1705; 1786; 1674; 1746; 1746; 1704; 1719; 1712; 1715; 1710; 1762; 1701; 1687; 1706; 1743; 1780; 1735; 1737; 1762; 1733; 1728; 1712; 1729; 1754; 1676; 1670; 1733; 1665; 1778; 1742; 1781; 1687; 1717; 1706; 1740; 1662; 1753; 1758; 1778; 1722; 1729; 1661; 1771; 1675; 1750; 1720; 1722; 1767; 1724; 1740; 
1800; 5304; 5357; 5289; 5476; 5342; 5415; 5457; 5307; 5474; 5299; 5474; 5291; 5332; 5316; 5319; 5486; 5363; 5380; 5452; 5504; 5340; 5500; 5367; 5358; 5306; 5321; 5431; 5458; 5282; 5305; 5394; 5372; 5396; 5419; 5314; 5271; 5431; 5365; 5483; 5263; 5231; 5470; 5453; 5449; 5309; 5290; 5404; 5332; 5465; 5430; 1775; 1811; 1758; 1852; 1798; 1820; 1846; 1779; 1851; 1768; 1835; 1753; 1802; 1780; 1788; 1868; 1803; 1814; 1861; 1871; 1779; 1868; 1801; 1809; 1767; 1792; 1823; 1846; 1770; 1780; 1824; 1814; 1816; 1828; 1778; 1765; 1832; 1805; 1850; 1761; 1741; 1853; 1836; 1841; 1779; 1781; 1839; 1789; 1854; 1827; 
1900; 5657; 5651; 5599; 5558; 5683; 5542; 5668; 5628; 5758; 5480; 5736; 5746; 5582; 5671; 5674; 5581; 5594; 5533; 5641; 5633; 5713; 5675; 5703; 5706; 5662; 5788; 5499; 5781; 5755; 5706; 5708; 5784; 5664; 5735; 5734; 5682; 5690; 5739; 5690; 5630; 5589; 5678; 5761; 5719; 5671; 5786; 5675; 5715; 5583; 5624; 1896; 1924; 1889; 1872; 1908; 1855; 1912; 1896; 1936; 1827; 1950; 1948; 1864; 1907; 1921; 1874; 1871; 1863; 1915; 1869; 1939; 1903; 1910; 1907; 1915; 1970; 1835; 1948; 1940; 1947; 1926; 1953; 1901; 1956; 1932; 1914; 1896; 1939; 1934; 1885; 1875; 1927; 1947; 1927; 1888; 1948; 1907; 1929; 1853; 1892; 
2000; 6001; 6014; 5929; 6015; 6010; 6030; 5909; 6049; 5923; 6020; 6029; 6050; 5945; 5911; 5978; 5934; 5967; 6036; 6021; 5907; 5946; 5888; 5951; 5936; 6000; 5937; 5905; 5973; 5922; 6017; 5964; 6038; 5957; 5920; 6033; 6053; 5927; 5961; 5946; 6024; 5980; 5971; 5950; 5964; 6038; 6020; 5989; 6076; 6088; 5954; 2024; 2008; 2013; 2017; 2007; 2024; 1991; 2019; 2008; 1999; 2009; 2012; 2009; 2005; 2017; 2014; 2010; 2020; 1999; 1990; 1990; 1989; 2002; 2015; 2014; 2010; 2009; 2016; 2005; 2003; 2002; 2006; 2011; 2018; 2018; 2007; 2006; 1988; 2019; 2016; 1991; 2005; 2035; 2006; 2011; 2021; 2001; 2005; 2019; 2015; 
2100; 6284; 6385; 6186; 6367; 6224; 6269; 6178; 6275; 6220; 6331; 6229; 6405; 6259; 6308; 6187; 6331; 6313; 6298; 6244; 6376; 6328; 6224; 6217; 6252; 6249; 6314; 6237; 6386; 6128; 6360; 6302; 6321; 6240; 6257; 6195; 6271; 6159; 6250; 6208; 6348; 6140; 6329; 6332; 6311; 6252; 6269; 6298; 6292; 6412; 6230; 2092; 2145; 2071; 2123; 2104; 2111; 2064; 2123; 2105; 2126; 2058; 2142; 2111; 2130; 2073; 2156; 2120; 2114; 2099; 2143; 2102; 2071; 2097; 2117; 2098; 2115; 2089; 2161; 2067; 2133; 2120; 2113; 2074; 2090; 2080; 2119; 2064; 2087; 2107; 2140; 2082; 2113; 2113; 2116; 2092; 2112; 2101; 2111; 2129; 2088; 
2200; 6390; 6723; 6547; 6603; 6598; 6647; 6704; 6533; 6674; 6676; 6718; 6564; 6523; 6527; 6608; 6730; 6609; 6574; 6549; 6560; 6616; 6582; 6439; 6638; 6568; 6621; 6640; 6565; 6587; 6597; 6482; 6570; 6516; 6595; 6545; 6524; 6523; 6520; 6531; 6464; 6523; 6584; 6710; 6643; 6599; 6572; 6474; 6533; 6481; 6614; 2154; 2275; 2194; 2247; 2228; 2258; 2273; 2190; 2243; 2272; 2264; 2194; 2192; 2175; 2238; 2273; 2213; 2217; 2198; 2187; 2231; 2223; 2121; 2228; 2196; 2241; 2236; 2219; 2223; 2235; 2162; 2230; 2181; 2205; 2187; 2230; 2191; 2192; 2192; 2163; 2186; 2207; 2264; 2268; 2203; 2203; 2164; 2223; 2172; 2230; 
2300; 6809; 6683; 6889; 6886; 6799; 6916; 6957; 6901; 6819; 6905; 6873; 6891; 6799; 6829; 6874; 6871; 6762; 6831; 6999; 6864; 6869; 6815; 6761; 6888; 6898; 6863; 6883; 6846; 6827; 6911; 6860; 6954; 6819; 7001; 6957; 7036; 6982; 6758; 6684; 6848; 6881; 6887; 6832; 6891; 6987; 6911; 6933; 6941; 6867; 6933; 2322; 2242; 2318; 2318; 2269; 2315; 2316; 2317; 2312; 2292; 2345; 2331; 2270; 2312; 2284; 2312; 2266; 2292; 2342; 2296; 2301; 2290; 2266; 2322; 2306; 2301; 2332; 2302; 2311; 2333; 2324; 2308; 2285; 2359; 2318; 2375; 2361; 2269; 2245; 2289; 2313; 2314; 2299; 2304; 2330; 2324; 2327; 2349; 2297; 2312; 
2400; 7130; 7279; 7190; 7383; 7114; 7137; 7178; 7220; 7055; 7193; 7078; 7123; 7177; 7101; 7019; 7231; 7221; 7099; 7091; 7220; 7333; 7220; 7104; 7167; 7186; 7161; 7103; 7247; 7248; 7241; 7133; 7178; 7146; 7291; 7083; 7159; 7211; 7204; 7245; 7145; 7159; 7270; 7284; 7312; 7057; 7069; 7189; 7316; 7105; 7241; 2403; 2432; 2422; 2487; 2374; 2384; 2403; 2440; 2347; 2450; 2374; 2396; 2419; 2371; 2365; 2404; 2425; 2390; 2378; 2414; 2458; 2427; 2375; 2426; 2438; 2420; 2379; 2443; 2444; 2439; 2382; 2393; 2401; 2467; 2375; 2415; 2424; 2430; 2428; 2381; 2389; 2446; 2475; 2463; 2335; 2385; 2430; 2485; 2429; 2447; 
2500; 7520; 7456; 7529; 7491; 7495; 7391; 7400; 7497; 7469; 7488; 7529; 7433; 7371; 7595; 7554; 7485; 7600; 7518; 7443; 7532; 7402; 7547; 7455; 7470; 7605; 7417; 7436; 7447; 7422; 7424; 7414; 7560; 7521; 6968; 7490; 7406; 7495; 7433; 7437; 7521; 7432; 7481; 7488; 7381; 7498; 7483; 7485; 7540; 7443; 7500; 2525; 2515; 2535; 2514; 2512; 2501; 2503; 2530; 2488; 2541; 2514; 2519; 2471; 2530; 2553; 2545; 2518; 2525; 2522; 2532; 2487; 2500; 2525; 2504; 2554; 2489; 2502; 2525; 2491; 2496; 2493; 2561; 2542; 2371; 2521; 2495; 2519; 2495; 2512; 2528; 2512; 2513; 2512; 2493; 2517; 2495; 2496; 2503; 2514; 2516; 
2600; 7870; 7698; 7809; 7873; 7758; 7766; 7742; 7792; 7756; 7929; 7797; 7909; 7800; 7795; 7910; 7864; 7754; 7895; 7749; 7861; 7681; 7818; 7897; 7720; 7957; 7780; 7878; 7759; 7610; 7725; 7839; 7750; 7771; 7717; 7764; 7796; 7764; 7877; 7761; 7802; 7759; 7670; 7821; 7658; 7815; 7758; 7785; 7681; 7783; 7860; 2651; 2585; 2614; 2683; 2622; 2618; 2600; 2637; 2592; 2702; 2633; 2674; 2614; 2633; 2662; 2661; 2606; 2648; 2603; 2679; 2543; 2640; 2667; 2580; 2673; 2600; 2674; 2596; 2535; 2583; 2660; 2597; 2613; 2607; 2599; 2612; 2614; 2646; 2596; 2605; 2607; 2548; 2629; 2542; 2618; 2621; 2594; 2597; 2599; 2644; 
2700; 7996; 8157; 8153; 8053; 8149; 8007; 8034; 8020; 8047; 8100; 8147; 8128; 7965; 8122; 8107; 8082; 8147; 8059; 8083; 8047; 8120; 8071; 8115; 8098; 8144; 7989; 8147; 8067; 8157; 8040; 8089; 8056; 8021; 8130; 8101; 7989; 8079; 8128; 8105; 8138; 8122; 8015; 8116; 7957; 8081; 8027; 8058; 8123; 8141; 8057; 2699; 2735; 2730; 2713; 2717; 2676; 2707; 2693; 2688; 2725; 2729; 2711; 2658; 2715; 2706; 2713; 2707; 2721; 2735; 2708; 2723; 2699; 2712; 2714; 2725; 2701; 2733; 2710; 2696; 2704; 2721; 2686; 2705; 2696; 2708; 2694; 2721; 2720; 2735; 2733; 2717; 2705; 2715; 2684; 2710; 2714; 2710; 2735; 2723; 2698; 
2800; 8463; 8326; 8405; 8419; 8478; 8396; 8361; 8432; 8339; 8299; 8405; 8344; 8440; 8331; 8212; 8389; 8549; 8505; 8225; 8370; 8362; 7799; 8329; 8406; 8344; 8264; 8181; 8261; 8258; 8277; 8385; 7886; 8433; 8459; 8345; 8399; 8317; 8425; 8380; 8355; 8289; 8544; 8321; 8445; 8465; 8442; 8326; 8333; 8403; 8438; 2851; 2766; 2838; 2817; 2892; 2799; 2794; 2824; 2789; 2759; 2840; 2796; 2854; 2813; 2760; 2810; 2892; 2859; 2758; 2796; 2783; 2594; 2798; 2815; 2798; 2784; 2734; 2749; 2771; 2807; 2811; 2632; 2861; 2824; 2782; 2815; 2778; 2840; 2796; 2831; 2778; 2866; 2786; 2856; 2849; 2826; 2828; 2807; 2824; 2850; 
2900; 8583; 8808; 8652; 8560; 8703; 8710; 8639; 8639; 8593; 8705; 8690; 8677; 8754; 8857; 8631; 8598; 8578; 8589; 8563; 8510; 8791; 8777; 8787; 8722; 8635; 8614; 8742; 8612; 8509; 8626; 8709; 8731; 8731; 8630; 8749; 8624; 8620; 8689; 8571; 8460; 8625; 8641; 8545; 8644; 8589; 8649; 8849; 8615; 8692; 8678; 2902; 2975; 2908; 2884; 2912; 2957; 2934; 2906; 2887; 2916; 2921; 2940; 2965; 3033; 2905; 2874; 2863; 2857; 2851; 2853; 2954; 2936; 2932; 2923; 2910; 2874; 2968; 2870; 2827; 2872; 2931; 2941; 2953; 2900; 2931; 2900; 2867; 2883; 2897; 2792; 2909; 2883; 2827; 2894; 2853; 2871; 3004; 2882; 2885; 2963; 
3000; 8881; 9055; 8964; 9055; 9072; 8971; 8893; 8853; 9030; 8927; 8849; 8854; 8854; 8994; 9032; 8916; 8929; 8992; 9014; 9100; 9045; 8357; 8996; 9189; 8906; 9035; 9019; 8863; 8995; 8903; 8977; 9093; 9046; 9093; 8964; 8941; 8935; 8999; 8944; 9005; 9103; 8872; 8941; 8929; 8910; 9156; 8985; 8918; 8770; 8913; 2961; 3075; 3012; 3057; 3046; 3025; 2978; 2976; 3021; 2984; 2964; 2945; 2972; 3015; 3036; 2985; 3007; 3030; 3006; 3077; 3055; 2782; 3031; 3104; 2984; 3015; 3039; 2996; 3036; 2985; 2991; 3071; 3031; 3048; 3006; 2983; 2997; 3026; 3018; 3009; 3051; 2969; 2995; 3016; 2944; 3070; 3029; 2995; 2949; 2997; 
3100; 9270; 9418; 9328; 9267; 9191; 9256; 9195; 9208; 9314; 9234; 9423; 9306; 9173; 9262; 9350; 9348; 9343; 9312; 9394; 9283; 9286; 9293; 9269; 9335; 9327; 9337; 9213; 9280; 9379; 9321; 9369; 9293; 9294; 9368; 9315; 9224; 9257; 9395; 9250; 6953; 9238; 9412; 9326; 9190; 9316; 9391; 9391; 9298; 9350; 9120; 3133; 3130; 3093; 3078; 3084; 3102; 3089; 3088; 3105; 3119; 3149; 3135; 3073; 3108; 3119; 3113; 3140; 3104; 3147; 3123; 3122; 3146; 3111; 3110; 3139; 3098; 3111; 3104; 3105; 3148; 3138; 3112; 3133; 3160; 3122; 3086; 3098; 3123; 3106; 2313; 3095; 3168; 3111; 3074; 3132; 3124; 3136; 3137; 3132; 3075; 
3200; 9565; 9658; 9572; 9486; 9725; 9491; 9560; 9663; 9506; 9578; 9548; 9599; 9472; 9584; 9727; 9655; 9577; 9631; 9723; 9568; 9496; 9480; 9532; 9553; 9554; 9502; 9636; 9611; 9537; 9498; 9599; 9668; 9670; 9647; 9679; 9608; 9549; 9514; 9512; 9661; 9584; 9685; 9656; 9580; 9756; 9664; 9422; 9555; 9658; 9722; 3221; 3233; 3214; 3192; 3248; 3179; 3198; 3235; 3185; 3211; 3203; 3231; 3177; 3236; 3240; 3229; 3228; 3244; 3267; 3227; 3158; 3183; 3209; 3187; 3233; 3159; 3211; 3230; 3197; 3193; 3199; 3257; 3246; 3243; 3239; 3255; 3204; 3169; 3168; 3252; 3200; 3284; 3258; 3236; 3304; 3230; 3158; 3178; 3254; 3272; 
3300; 9873; 9837; 9893; 9858; 9874; 9974; 9920; 9871; 9831; 9810; 9851; 9706; 9878; 9921; 9856; 9837; 9817; 9872; 9838; 9939; 9830; 9892; 9928; 9811; 9881; 9871; 9890; 9894; 9891; 9926; 9898; 9851; 9904; 9920; 9845; 9910; 9796; 9873; 9948; 9908; 9986; 9831; 9901; 9922; 9845; 9874; 9868; 9699; 9851; 9908; 3328; 3286; 3323; 3317; 3319; 3354; 3301; 3308; 3312; 3287; 3308; 3296; 3323; 3329; 3310; 3322; 3301; 3301; 3295; 3315; 3283; 3312; 3325; 3294; 3286; 3331; 3305; 3290; 3316; 3314; 3312; 3297; 3329; 3324; 3282; 3326; 3334; 3325; 3316; 3299; 3317; 3319; 3285; 3332; 3285; 3325; 3289; 3278; 3309; 3319; 
3400; 10025; 10100; 10073; 10316; 10256; 8893; 10194; 10325; 10164; 10152; 10175; 9999; 10257; 10187; 10072; 10107; 10289; 10288; 10285; 10104; 10230; 10189; 10261; 10215; 10165; 8940; 10293; 10347; 10127; 10096; 10299; 9947; 9930; 10196; 10097; 10043; 10172; 10161; 10304; 10176; 10346; 8904; 10375; 10160; 10163; 10292; 10245; 10278; 8936; 10217; 3347; 3349; 3344; 3463; 3460; 2974; 3445; 3482; 3405; 3399; 3417; 3315; 3447; 3421; 3355; 3397; 3475; 3473; 3444; 3413; 3421; 3420; 3453; 3405; 3414; 2991; 3480; 3498; 3409; 3381; 3464; 3321; 3279; 3463; 3376; 3344; 3420; 3430; 3486; 3413; 3486; 2977; 3507; 3422; 3399; 3485; 3430; 3477; 2986; 3432; 
3500; 10405; 10359; 10606; 10545; 10563; 10554; 10531; 10488; 10394; 10363; 10527; 10468; 10500; 10299; 10398; 10503; 10449; 10529; 10483; 10410; 10461; 10513; 10577; 10484; 10569; 10394; 10545; 10525; 10422; 10494; 10524; 10518; 10476; 10362; 10568; 10423; 10355; 10429; 10520; 10407; 10600; 10545; 10488; 10468; 10439; 10499; 10420; 10513; 10341; 10482; 3484; 3477; 3559; 3524; 3578; 3537; 3528; 3524; 3502; 3466; 3517; 3496; 3542; 3453; 3498; 3516; 3511; 3517; 3508; 3522; 3519; 3504; 3552; 3518; 3586; 3461; 3552; 3547; 3458; 3485; 3516; 3532; 3551; 3479; 3541; 3507; 3436; 3532; 3505; 3482; 3597; 3545; 3509; 3514; 3488; 3548; 3524; 3514; 3434; 3518; 
3600; 10799; 10737; 10705; 10775; 10760; 10714; 10806; 10751; 10731; 10820; 10715; 10658; 10854; 10670; 10780; 10792; 10691; 10753; 10772; 10768; 10799; 10869; 10789; 10873; 10840; 10848; 10784; 10746; 10802; 10850; 10787; 10801; 10712; 10826; 10809; 10870; 10744; 10738; 10751; 10828; 10754; 10400; 10809; 10799; 10710; 10827; 10822; 10814; 10851; 10762; 3620; 3602; 3616; 3613; 3621; 3605; 3594; 3627; 3613; 3613; 3582; 3604; 3621; 3584; 3612; 3627; 3615; 3618; 3596; 3638; 3621; 3613; 3613; 3628; 3613; 3608; 3614; 3613; 3617; 3626; 3634; 3613; 3619; 3621; 3611; 3617; 3607; 3600; 3609; 3627; 3616; 3514; 3604; 3618; 3598; 3622; 3616; 3640; 3620; 3628; 
3700; 11014; 11067; 11066; 11021; 11187; 10925; 11106; 11288; 11158; 11001; 11137; 11261; 11202; 11047; 11154; 11138; 11368; 11272; 10998; 11160; 10978; 11325; 11102; 10995; 11052; 11148; 10936; 11330; 11024; 10979; 11007; 10921; 11096; 10983; 11285; 11127; 11101; 11240; 11169; 11027; 11154; 10976; 11024; 11211; 11129; 11104; 11088; 10996; 11004; 11051; 3706; 3700; 3699; 3697; 3746; 3623; 3737; 3802; 3763; 3673; 3741; 3785; 3782; 3708; 3751; 3759; 3852; 3812; 3674; 3743; 3674; 3828; 3722; 3670; 3701; 3757; 3631; 3831; 3683; 3676; 3670; 3633; 3710; 3668; 3823; 3744; 3722; 3784; 3773; 3672; 3727; 3668; 3686; 3783; 3738; 3728; 3715; 3677; 3688; 3679; 
3800; 11340; 11411; 11396; 11189; 11373; 11210; 11505; 11586; 11354; 11523; 11443; 11470; 11359; 11412; 11483; 11336; 11331; 11374; 11344; 11424; 11254; 11476; 11292; 11199; 11421; 11561; 11387; 11177; 11393; 11369; 11529; 11178; 11304; 11268; 11408; 11394; 11245; 11363; 11224; 11372; 11436; 11367; 11381; 11277; 11390; 11348; 11249; 11273; 11376; 11382; 3772; 3832; 3807; 3717; 3801; 3773; 3875; 3907; 3786; 3852; 3831; 3830; 3808; 3831; 3862; 3781; 3815; 3814; 3816; 3847; 3757; 3849; 3750; 3730; 3821; 3891; 3810; 3728; 3826; 3797; 3863; 3755; 3789; 3768; 3819; 3830; 3749; 3800; 3754; 3797; 3837; 3826; 3808; 3759; 3830; 3766; 3758; 3773; 3816; 3801; 
3900; 11609; 11678; 11693; 11723; 11706; 11744; 11742; 11687; 11641; 11677; 11711; 11648; 11566; 11913; 11555; 11590; 11747; 11612; 11776; 11738; 11692; 11637; 11752; 11499; 11433; 11741; 11759; 11666; 11768; 11739; 11698; 11661; 11757; 11662; 11654; 11739; 11599; 11778; 11801; 11877; 11570; 11582; 11657; 11610; 11473; 11559; 11671; 11671; 11772; 11526; 3895; 3899; 3910; 3917; 3920; 3932; 3938; 3939; 3916; 3893; 3952; 3919; 3901; 3984; 3880; 3876; 3928; 3903; 3934; 3955; 3897; 3909; 3934; 3857; 3855; 3910; 3951; 3964; 3928; 3933; 3930; 3888; 3903; 3918; 3892; 3943; 3893; 3944; 3940; 3941; 3898; 3890; 3891; 3883; 3843; 3874; 3881; 3929; 3930; 3880; 
4000; 12008; 12000; 11966; 12007; 12157; 11800; 11678; 11716; 12033; 11917; 11933; 12037; 11707; 12314; 11882; 12193; 11854; 11899; 11976; 12274; 11897; 12183; 12016; 12080; 12084; 11955; 11948; 12016; 11907; 12009; 11848; 11853; 11925; 12068; 12016; 11844; 12152; 11780; 12012; 12044; 11908; 11671; 12005; 11995; 11998; 11996; 12056; 11971; 12065; 11888; 4033; 4036; 4019; 4028; 4109; 3937; 3863; 3899; 4041; 3986; 3997; 4041; 3889; 4185; 3964; 4125; 3944; 3973; 4031; 4153; 3955; 4113; 4034; 4070; 4077; 3995; 3984; 4014; 3982; 4029; 3941; 3954; 3990; 4058; 4039; 3954; 4093; 3916; 4027; 4050; 3978; 3883; 4036; 4017; 4028; 4024; 4052; 4005; 4061; 3974; 
4100; 12365; 12180; 12267; 12156; 12283; 12224; 12222; 12316; 12328; 12487; 12275; 12279; 12296; 12227; 12270; 12408; 12414; 12209; 12130; 12445; 12104; 12094; 12325; 12202; 12191; 12225; 12336; 12209; 12243; 12252; 11876; 12180; 12313; 12318; 12320; 12201; 12526; 12145; 12217; 12242; 12413; 12229; 12335; 12291; 12243; 12149; 12202; 12205; 12312; 12184; 4118; 4051; 4103; 4061; 4122; 4095; 4069; 4134; 4106; 4160; 4100; 4119; 4109; 4071; 4123; 4189; 4204; 4087; 4070; 4174; 4051; 4035; 4144; 4083; 4067; 4108; 4157; 4103; 4096; 4116; 3956; 4097; 4127; 4135; 4106; 4067; 4218; 4076; 4098; 4094; 4148; 4086; 4136; 4125; 4099; 4074; 4070; 4074; 4129; 4057; 
4200; 11994; 12205; 12662; 12495; 12500; 12626; 12534; 12537; 12554; 12958; 12438; 12551; 12663; 12869; 12435; 12731; 12410; 12579; 12519; 12468; 12630; 12540; 12452; 12510; 12506; 12554; 12415; 12411; 12402; 12579; 12476; 12564; 12567; 12646; 12475; 12698; 12448; 12695; 12820; 12448; 12558; 12513; 12559; 12738; 12694; 12410; 12541; 12865; 12396; 12736; 4032; 4041; 4264; 4192; 4206; 4249; 4175; 4194; 4191; 4388; 4170; 4209; 4258; 4342; 4161; 4276; 4135; 4235; 4171; 4158; 4232; 4182; 4148; 4200; 4174; 4202; 4164; 4150; 4124; 4222; 4183; 4231; 4252; 4261; 4180; 4280; 4171; 4264; 4342; 4166; 4217; 4182; 4192; 4305; 4248; 4162; 4167; 4342; 4158; 4264; 
4300; 12675; 12790; 12844; 12970; 12779; 12930; 12830; 12902; 13001; 12962; 12813; 12950; 12868; 12796; 12854; 12866; 12885; 12848; 12897; 12809; 12915; 12824; 12790; 12982; 12842; 12851; 12844; 12963; 12891; 12890; 12822; 12919; 12800; 12878; 12786; 12796; 12996; 12828; 13018; 13015; 12700; 12785; 12828; 12884; 12784; 12887; 12795; 12866; 12891; 12899; 4267; 4291; 4338; 4357; 4280; 4345; 4301; 4322; 4350; 4364; 4275; 4331; 4316; 4288; 4314; 4274; 4281; 4299; 4317; 4276; 4322; 4319; 4265; 4329; 4299; 4293; 4310; 4335; 4316; 4293; 4283; 4328; 4295; 4284; 4292; 4279; 4352; 4297; 4336; 4354; 4277; 4283; 4286; 4311; 4296; 4305; 4285; 4312; 4289; 4308; 
4400; 13142; 13149; 13112; 13088; 13148; 13173; 13203; 13114; 13106; 13191; 13162; 13167; 13183; 13094; 13169; 13034; 13172; 13183; 13192; 13163; 13339; 13202; 13297; 13141; 13174; 13159; 13156; 13158; 13180; 13059; 13247; 13111; 13222; 13186; 13245; 13201; 13117; 13192; 13173; 13099; 13125; 13209; 13216; 13193; 13156; 13168; 13111; 13222; 13078; 13212; 4424; 4440; 4390; 4414; 4424; 4388; 4424; 4373; 4421; 4386; 4414; 4404; 4415; 4408; 4412; 4396; 4397; 4410; 4448; 4411; 4434; 4436; 4445; 4432; 4428; 4434; 4421; 4387; 4376; 4375; 4418; 4421; 4430; 4424; 4419; 4420; 4364; 4399; 4417; 4380; 4402; 4409; 4417; 4430; 4405; 4417; 4401; 4418; 4388; 4396; 
4500; 13631; 13326; 13497; 13586; 13387; 13490; 13367; 13499; 13284; 13472; 13424; 13570; 13448; 13200; 13575; 13559; 13444; 13574; 13484; 13450; 13276; 13245; 13351; 13518; 13459; 13461; 13430; 13360; 13595; 13412; 13424; 13437; 13629; 13579; 13600; 13374; 13517; 13487; 13463; 13447; 13512; 13323; 13425; 13367; 13683; 13501; 13425; 13442; 13325; 13569; 4560; 4512; 4519; 4566; 4522; 4527; 4502; 4527; 4417; 4513; 4473; 4538; 4514; 4383; 4571; 4551; 4514; 4577; 4500; 4502; 4401; 4423; 4475; 4536; 4522; 4531; 4499; 4472; 4578; 4446; 4478; 4487; 4651; 4571; 4581; 4472; 4540; 4539; 4517; 4498; 4530; 4461; 4484; 4465; 4574; 4512; 4492; 4518; 4399; 4587; 
4600; 13904; 13886; 13891; 13867; 13931; 13808; 13679; 13818; 13868; 13701; 13771; 13867; 13811; 13572; 13705; 13652; 13633; 13753; 13852; 13853; 13804; 13583; 13815; 13800; 13837; 13808; 13698; 13827; 13861; 13949; 13748; 13331; 13758; 13886; 13514; 13817; 13788; 13914; 13565; 13696; 13912; 13881; 13853; 13868; 13846; 13898; 13734; 13860; 13782; 13666; 4660; 4667; 4685; 4641; 4677; 4632; 4582; 4654; 4641; 4587; 4611; 4663; 4597; 4543; 4584; 4564; 4540; 4585; 4639; 4654; 4625; 4582; 4667; 4613; 4653; 4637; 4578; 4663; 4645; 4651; 4626; 4426; 4585; 4665; 4532; 4614; 4572; 4654; 4559; 4605; 4661; 4658; 4653; 4651; 4612; 4710; 4583; 4690; 4622; 4588; 
4700; 14102; 14080; 14146; 14085; 14082; 13957; 14036; 13990; 13959; 14173; 14056; 14147; 14095; 14082; 13876; 14014; 14069; 14207; 14003; 14175; 14168; 14008; 13998; 14094; 13964; 14074; 14165; 14120; 14122; 14102; 14134; 14101; 14143; 14024; 14072; 13956; 14032; 14048; 14126; 14162; 14085; 14066; 14033; 13982; 14051; 14075; 14116; 14067; 14026; 14004; 4734; 4714; 4725; 4712; 4729; 4694; 4684; 4701; 4688; 4741; 4719; 4739; 4727; 4718; 4724; 4710; 4689; 4687; 4710; 4712; 4712; 4732; 4702; 4694; 4671; 4731; 4706; 4723; 4730; 4723; 4731; 4740; 4732; 4692; 4726; 4705; 4719; 4711; 4713; 4740; 4744; 4697; 4701; 4689; 4692; 4698; 4703; 4732; 4716; 4726; 
4800; 14434; 14392; 14444; 14587; 14378; 14515; 14286; 14176; 14324; 14351; 14401; 14579; 14538; 14316; 14383; 14455; 14218; 14544; 14319; 14258; 14540; 14413; 14505; 14435; 14417; 14326; 14392; 14187; 14543; 14228; 14144; 14310; 14607; 14140; 14572; 14332; 14465; 14403; 14402; 14488; 14206; 14672; 14294; 14363; 14478; 14414; 14387; 14294; 14447; 14235; 4845; 4806; 4871; 4920; 4794; 4905; 4739; 4707; 4794; 4820; 4810; 4914; 4929; 4787; 4815; 4854; 4738; 4870; 4811; 4761; 4876; 4827; 4870; 4853; 4828; 4760; 4839; 4715; 4894; 4754; 4719; 4776; 4914; 4675; 4881; 4801; 4866; 4826; 4843; 4884; 4705; 4958; 4793; 4804; 4861; 4826; 4829; 4773; 4860; 4717; 
4900; 14750; 14625; 14882; 14698; 14719; 14635; 14745; 14744; 14880; 14531; 14622; 14556; 14672; 14626; 14727; 14543; 14679; 14777; 14681; 14534; 14707; 14622; 14766; 14592; 14619; 14666; 14584; 14752; 14752; 14615; 14532; 14702; 14577; 14684; 14842; 14692; 14584; 14749; 14763; 14759; 14672; 14592; 14735; 14604; 14553; 14633; 14550; 14696; 14626; 14702; 4962; 4866; 5011; 4939; 4936; 4894; 4936; 4916; 4999; 4852; 4839; 4846; 4923; 4885; 4893; 4836; 4877; 4926; 4942; 4831; 4902; 4861; 4919; 4882; 4876; 4887; 4842; 4956; 4956; 4925; 4850; 4902; 4898; 4904; 4922; 4902; 4901; 4925; 4975; 4939; 4917; 4869; 4939; 4884; 4886; 4896; 4841; 4931; 4867; 4931; 
5000; 15019; 15016; 15088; 14963; 15032; 14843; 14969; 14994; 15077; 15173; 14944; 15040; 15423; 14976; 14861; 14906; 14983; 14796; 14845; 15174; 15012; 14924; 14943; 15095; 15070; 14845; 14832; 15028; 15037; 15030; 14900; 15048; 14854; 15131; 14965; 14939; 14972; 14990; 15087; 15081; 14973; 14989; 14935; 14976; 14988; 14933; 15133; 15105; 15141; 14905; 5018; 5052; 5075; 5035; 5057; 4951; 5000; 5016; 5070; 5123; 4993; 5037; 5240; 4987; 4958; 4961; 5013; 4933; 4947; 5076; 5020; 4986; 4978; 5071; 5044; 4943; 4950; 5050; 5049; 5067; 4980; 5064; 4947; 5077; 4995; 5006; 5018; 5040; 5053; 5033; 5019; 4994; 5019; 4997; 4992; 4995; 5090; 5064; 5091; 4967; 
5100; 15284; 15035; 15296; 15331; 15437; 15314; 15185; 15303; 15284; 15264; 15334; 15290; 15346; 15304; 15273; 15271; 15339; 15365; 15315; 15328; 15145; 15330; 15253; 15395; 15340; 15225; 15405; 15182; 15364; 15295; 15241; 15324; 15305; 15256; 15274; 15277; 15091; 15103; 15056; 15357; 15385; 15186; 15316; 15170; 15378; 15247; 15213; 15337; 15337; 15360; 5094; 5056; 5099; 5101; 5150; 5078; 5116; 5138; 5158; 5117; 5135; 5090; 5137; 5101; 5116; 5091; 5114; 5123; 5125; 5130; 5081; 5122; 5104; 5131; 5126; 5081; 5149; 5110; 5098; 5092; 5103; 5104; 5159; 5110; 5105; 5122; 5069; 5083; 5061; 5101; 5100; 5105; 5118; 5080; 5102; 5110; 5099; 5141; 5096; 5115; 
5200; 15667; 15536; 15515; 15357; 15499; 15587; 15544; 15799; 15631; 15612; 15641; 15824; 15573; 15464; 15518; 15579; 15531; 15857; 15588; 15389; 15373; 15680; 15494; 15775; 15631; 15462; 15535; 15422; 15533; 15718; 15361; 15642; 15605; 15789; 15545; 15726; 15656; 15420; 15528; 15301; 15465; 15677; 15627; 15733; 15670; 15509; 15809; 15691; 15559; 15565; 5258; 5195; 5190; 5091; 5191; 5235; 5200; 5334; 5252; 5232; 5228; 5337; 5227; 5160; 5194; 5200; 5215; 5356; 5224; 5114; 5114; 5253; 5191; 5313; 5250; 5166; 5200; 5140; 5206; 5264; 5111; 5237; 5204; 5312; 5171; 5268; 5261; 5152; 5166; 5079; 5192; 5263; 5224; 5264; 5256; 5197; 5355; 5246; 5199; 5198; 
5300; 15847; 15803; 15880; 15910; 16008; 15798; 15939; 15852; 15861; 15912; 16020; 15866; 16111; 15828; 15796; 15957; 15819; 15873; 15643; 15890; 15872; 15866; 15849; 15883; 15884; 16032; 15861; 15989; 15793; 15847; 15697; 15864; 15981; 16018; 15816; 15942; 15921; 15806; 15914; 15993; 15739; 15861; 15844; 15869; 15847; 15914; 15854; 15773; 15808; 15908; 5275; 5299; 5296; 5303; 5387; 5287; 5360; 5332; 5303; 5312; 5349; 5282; 5399; 5311; 5284; 5348; 5295; 5306; 5242; 5348; 5304; 5294; 5276; 5313; 5337; 5346; 5333; 5278; 5292; 5301; 5213; 5287; 5388; 5391; 5304; 5324; 5322; 5336; 5354; 5354; 5253; 5289; 5321; 5298; 5293; 5360; 5323; 5255; 5338; 5316; 
5400; 16144; 16194; 16087; 16116; 16132; 16247; 16041; 16210; 16221; 16088; 16261; 16282; 16143; 16145; 16274; 16204; 16184; 16218; 16278; 16059; 16147; 16179; 16150; 16190; 16059; 16022; 16076; 16163; 16246; 16157; 16059; 16084; 16289; 16150; 16177; 16268; 16179; 16176; 16217; 16136; 16180; 15999; 16103; 16184; 15949; 16090; 16189; 16316; 16177; 16151; 5409; 5419; 5400; 5364; 5408; 5412; 5396; 5406; 5433; 5407; 5405; 5396; 5413; 5426; 5420; 5416; 5419; 5425; 5428; 5383; 5426; 5414; 5417; 5404; 5411; 5387; 5361; 5422; 5413; 5409; 5405; 5370; 5404; 5406; 5395; 5441; 5415; 5408; 5411; 5412; 5432; 5405; 5429; 5407; 5355; 5407; 5408; 5417; 5401; 5425; 
5500; 16614; 16086; 16495; 16290; 16420; 16470; 16587; 16498; 16363; 16415; 16535; 16448; 16346; 16254; 16426; 16396; 16633; 16440; 16558; 16404; 16416; 16393; 16374; 16530; 16545; 16657; 16292; 16333; 16458; 16572; 16408; 16333; 16620; 16331; 16658; 16513; 16554; 16327; 16348; 16503; 16553; 16422; 16360; 16360; 16347; 16590; 16350; 16567; 16543; 16535; 5585; 5385; 5499; 5452; 5488; 5485; 5494; 5528; 5476; 5529; 5527; 5518; 5453; 5474; 5525; 5511; 5538; 5502; 5521; 5489; 5452; 5497; 5503; 5486; 5541; 5612; 5461; 5469; 5508; 5548; 5492; 5421; 5575; 5432; 5553; 5551; 5568; 5485; 5421; 5527; 5570; 5522; 5463; 5485; 5500; 5548; 5470; 5548; 5538; 5571; 
5600; 17199; 16721; 16738; 16762; 16725; 16803; 16711; 16849; 16743; 16536; 16841; 16828; 16667; 17053; 16942; 16685; 17013; 16960; 17029; 16904; 16765; 16936; 16980; 16736; 16743; 16857; 16759; 16711; 16852; 16899; 16940; 16795; 16853; 16695; 16784; 16746; 16814; 16801; 16901; 16816; 16784; 16854; 16831; 16654; 17041; 16561; 16570; 16609; 16614; 16897; 5835; 5599; 5581; 5620; 5584; 5624; 5574; 5665; 5603; 5499; 5636; 5652; 5555; 5741; 5685; 5573; 5728; 5700; 5740; 5660; 5606; 5687; 5673; 5611; 5588; 5662; 5597; 5601; 5668; 5669; 5698; 5632; 5654; 5567; 5613; 5594; 5627; 5624; 5692; 5647; 5624; 5666; 5657; 5544; 5741; 5545; 5523; 5538; 5533; 5674; 
5700; 16932; 16844; 17024; 17086; 17040; 17338; 17180; 17061; 17109; 17029; 17123; 16886; 17238; 16854; 16877; 17025; 16981; 17198; 17103; 17190; 17210; 17249; 16992; 17172; 16991; 17103; 16999; 17059; 17024; 17002; 16933; 17127; 16958; 17125; 17131; 17151; 17175; 17026; 17036; 16957; 17097; 17247; 16998; 16899; 16827; 17260; 17086; 17205; 17076; 16999; 5638; 5590; 5709; 5708; 5684; 5818; 5770; 5699; 5738; 5741; 5734; 5622; 5778; 5638; 5651; 5664; 5682; 5771; 5703; 5729; 5740; 5779; 5687; 5754; 5746; 5751; 5696; 5713; 5697; 5677; 5619; 5764; 5651; 5720; 5705; 5750; 5722; 5696; 5708; 5654; 5726; 5798; 5727; 5648; 5599; 5779; 5762; 5756; 5719; 5709; 
5800; 17304; 17266; 17387; 17365; 17507; 17182; 17307; 17354; 17404; 17357; 17458; 17220; 17219; 17480; 17552; 17529; 17481; 17542; 17202; 17443; 17677; 17560; 17476; 17396; 17420; 17495; 17281; 17268; 17408; 17363; 17447; 17278; 17357; 17323; 17433; 17599; 17541; 17522; 17441; 17352; 17339; 17251; 17268; 17614; 17415; 17315; 17390; 17336; 17441; 17437; 5786; 5768; 5813; 5832; 5836; 5739; 5806; 5816; 5834; 5791; 5822; 5754; 5771; 5851; 5842; 5878; 5843; 5846; 5757; 5837; 5944; 5931; 5822; 5799; 5807; 5852; 5784; 5804; 5842; 5792; 5875; 5807; 5776; 5816; 5816; 5933; 5896; 5834; 5857; 5840; 5812; 5785; 5803; 5898; 5809; 5800; 5814; 5794; 5870; 5839; 
5900; 17714; 17676; 17598; 17622; 17605; 17543; 17602; 17602; 17701; 17933; 17675; 17799; 17665; 17555; 17703; 17755; 17740; 17624; 17698; 17617; 17794; 17587; 17379; 17592; 17657; 17746; 17692; 17757; 17746; 17703; 17644; 17770; 17631; 17638; 17563; 17610; 17709; 17576; 17929; 17505; 17668; 17591; 17549; 17696; 17572; 17753; 17654; 17492; 17518; 17875; 5912; 5926; 5916; 5887; 5916; 5852; 5906; 5902; 5916; 6026; 5943; 5977; 5929; 5878; 5874; 5952; 5963; 5923; 5909; 5891; 5944; 5888; 5792; 5872; 5907; 5919; 5912; 5905; 5940; 5958; 5875; 5953; 5949; 5907; 5899; 5904; 5923; 5905; 6021; 5832; 5895; 5890; 5837; 5980; 5882; 5956; 5930; 5802; 5875; 5988; 
6000; 17988; 17899; 17937; 17924; 17977; 18021; 18047; 18100; 17954; 17982; 17907; 17848; 17920; 17947; 18039; 18010; 17888; 18001; 17964; 17943; 17933; 18020; 16858; 18076; 17872; 18017; 17906; 18141; 17899; 18144; 18070; 17871; 18038; 17972; 17762; 18104; 18007; 18105; 17936; 18145; 17819; 18005; 16841; 17903; 17870; 17927; 18053; 18017; 18010; 18010; 5971; 5995; 5966; 5994; 5985; 6036; 6062; 6032; 6009; 6023; 6001; 5958; 6023; 5984; 6053; 6023; 6011; 6006; 6035; 6013; 5980; 6043; 5661; 6067; 5972; 6009; 5978; 6085; 5990; 6066; 6038; 5991; 6017; 5975; 5967; 6025; 6056; 6105; 5987; 6037; 5973; 6021; 5658; 5996; 5978; 6000; 6071; 6072; 6002; 6025; 
6100; 18144; 18225; 18185; 18477; 18439; 18318; 18200; 18325; 18191; 18174; 18205; 18560; 18173; 18154; 18312; 18312; 18320; 18332; 18049; 18290; 18280; 18280; 18166; 18299; 18035; 18456; 18251; 18110; 18347; 18134; 18369; 18432; 18153; 18475; 18215; 18171; 18134; 18243; 18282; 18098; 18252; 18056; 18289; 18306; 18277; 17939; 17970; 18073; 18527; 18408; 6047; 6114; 6050; 6206; 6214; 6128; 6074; 6121; 6061; 6066; 6077; 6229; 6087; 6046; 6131; 6162; 6157; 6125; 6012; 6118; 6124; 6132; 6081; 6141; 5979; 6181; 6104; 6021; 6146; 6024; 6162; 6212; 6061; 6213; 6076; 6044; 6023; 6060; 6087; 6019; 6112; 6017; 6129; 6140; 6091; 5999; 5971; 6032; 6219; 6184; 
6200; 18411; 18682; 18675; 18712; 18568; 18623; 18653; 18514; 18519; 18625; 18499; 18725; 18522; 18544; 18550; 18605; 18478; 18444; 18725; 18657; 18650; 17987; 18646; 18525; 18665; 18409; 18617; 18511; 18490; 18523; 18465; 18602; 18559; 18595; 18723; 18685; 18788; 18466; 18470; 18481; 18600; 18549; 18563; 18747; 18519; 18730; 18720; 18608; 18450; 18565; 6180; 6248; 6225; 6238; 6199; 6190; 6172; 6184; 6227; 6218; 6195; 6239; 6157; 6213; 6223; 6204; 6202; 6216; 6270; 6235; 6246; 5990; 6218; 6233; 6239; 6185; 6239; 6170; 6204; 6208; 6202; 6226; 6216; 6240; 6239; 6189; 6248; 6194; 6187; 6208; 6213; 6199; 6201; 6225; 6179; 6231; 6193; 6239; 6169; 6174; 
6300; 18804; 18825; 19056; 18836; 18809; 18969; 18646; 18772; 18765; 18968; 19006; 18719; 18770; 18953; 18892; 18688; 18885; 18852; 18921; 18797; 18608; 19066; 18836; 18699; 18786; 18945; 18697; 18915; 18899; 19001; 18771; 18820; 18890; 18752; 18824; 18812; 18723; 18772; 18735; 18670; 18972; 18939; 18868; 18864; 18832; 18774; 18796; 18904; 18861; 18786; 6276; 6326; 6374; 6323; 6291; 6336; 6216; 6263; 6271; 6334; 6374; 6283; 6269; 6360; 6353; 6246; 6345; 6285; 6353; 6296; 6205; 6441; 6268; 6252; 6285; 6310; 6216; 6300; 6313; 6336; 6262; 6291; 6351; 6274; 6304; 6327; 6271; 6283; 6248; 6254; 6355; 6338; 6318; 6320; 6305; 6314; 6279; 6313; 6278; 6269; 
6400; 19179; 19187; 19260; 19061; 19156; 19131; 19145; 19304; 19085; 19162; 19170; 19301; 19116; 19253; 19018; 19090; 19108; 19215; 19307; 18817; 19296; 19011; 19144; 19097; 19320; 19074; 19303; 19032; 19279; 19308; 19185; 19271; 19147; 19206; 19139; 19113; 19067; 19176; 19261; 18835; 19056; 19077; 19228; 19081; 19335; 19160; 19176; 19136; 19074; 19155; 6399; 6361; 6428; 6406; 6405; 6426; 6388; 6422; 6392; 6373; 6434; 6450; 6361; 6470; 6369; 6360; 6430; 6420; 6459; 6305; 6438; 6329; 6432; 6374; 6445; 6414; 6410; 6351; 6477; 6435; 6427; 6413; 6403; 6452; 6428; 6412; 6319; 6445; 6416; 6309; 6387; 6389; 6439; 6388; 6467; 6426; 6397; 6414; 6381; 6326; 
6500; 19706; 19430; 19630; 19427; 19521; 19424; 19495; 19264; 19478; 19543; 19579; 19456; 19410; 19510; 19470; 17122; 19527; 19276; 19652; 19376; 19331; 19454; 19518; 19409; 19411; 19363; 19269; 19618; 19420; 19539; 19470; 19662; 19510; 19340; 19481; 19735; 19369; 19605; 19346; 19525; 19278; 19507; 19505; 19391; 19286; 19484; 19596; 19634; 19538; 19474; 6598; 6477; 6551; 6519; 6506; 6495; 6509; 6446; 6507; 6538; 6547; 6498; 6460; 6530; 6510; 5692; 6542; 6449; 6641; 6494; 6472; 6463; 6533; 6446; 6475; 6495; 6437; 6555; 6523; 6540; 6575; 6564; 6565; 6449; 6573; 6607; 6473; 6532; 6502; 6505; 6457; 6508; 6545; 6490; 6416; 6548; 6543; 6598; 6547; 6562; 
6600; 19773; 19725; 19907; 19876; 19926; 19585; 19879; 19727; 19843; 19774; 19733; 19625; 19799; 19709; 19551; 19876; 20000; 19933; 19693; 19869; 19903; 19711; 19770; 19934; 19645; 19686; 19783; 19745; 20109; 19527; 19869; 19878; 20001; 19888; 19861; 19842; 19784; 19894; 19769; 19789; 19588; 19941; 19825; 19821; 19881; 19628; 19972; 19827; 19763; 19812; 6621; 6597; 6667; 6669; 6691; 6522; 6681; 6595; 6651; 6607; 6588; 6558; 6622; 6573; 6486; 6658; 6721; 6692; 6554; 6665; 6669; 6585; 6606; 6690; 6548; 6567; 6608; 6606; 6775; 6479; 6658; 6654; 6730; 6662; 6662; 6661; 6618; 6685; 6611; 6606; 6523; 6694; 6655; 6626; 6664; 6558; 6726; 6644; 6604; 6629; 
6700; 20143; 20185; 20114; 20030; 20070; 19673; 20194; 20125; 19874; 20252; 20256; 19979; 20000; 20278; 20173; 20150; 20045; 20033; 20126; 19969; 20189; 20301; 20141; 20056; 19836; 20135; 19991; 20135; 19982; 19885; 20149; 19953; 19946; 20186; 20158; 19911; 19940; 20104; 19947; 20029; 20016; 20143; 20028; 20049; 20089; 19971; 19964; 19914; 20065; 19930; 6718; 6760; 6723; 6691; 6720; 6546; 6735; 6738; 6624; 6833; 6772; 6626; 6681; 6797; 6745; 6710; 6743; 6727; 6723; 6637; 6766; 6834; 6740; 6719; 6617; 6778; 6713; 6747; 6646; 6593; 6770; 6672; 6640; 6783; 6708; 6632; 6700; 6696; 6636; 6719; 6687; 6774; 6700; 6675; 6692; 6671; 6668; 6685; 6701; 6661; 
6800; 20524; 20385; 20284; 20359; 20371; 20323; 20160; 20310; 20271; 20280; 20358; 20265; 20456; 20152; 20368; 20240; 20182; 20408; 20475; 20227; 20453; 20316; 20407; 20457; 20272; 20436; 20327; 20598; 20295; 20269; 20488; 20277; 20366; 20349; 20473; 20369; 20385; 20378; 20457; 20357; 20327; 20342; 20236; 20285; 20249; 20426; 20339; 20424; 20470; 20184; 6863; 6814; 6769; 6802; 6796; 6782; 6725; 6818; 6800; 6791; 6779; 6720; 6829; 6772; 6838; 6772; 6784; 6821; 6808; 6793; 6823; 6787; 6800; 6865; 6779; 6897; 6827; 6872; 6796; 6808; 6830; 6752; 6835; 6776; 6861; 6785; 6817; 6792; 6813; 6813; 6798; 6806; 6770; 6748; 6808; 6847; 6803; 6835; 6840; 6769; 
6900; 20767; 20825; 20750; 20627; 20510; 20896; 20602; 20817; 20758; 20789; 20587; 20612; 20624; 20753; 20756; 20579; 20815; 20764; 20745; 20680; 20680; 20567; 20883; 20718; 20940; 20690; 20775; 20523; 20574; 20977; 20545; 20504; 20613; 20594; 20640; 20663; 20674; 20835; 20697; 20564; 20624; 20645; 20796; 20737; 20463; 20711; 20795; 20601; 20658; 20902; 6959; 6986; 6941; 6875; 6842; 6994; 6866; 6964; 6962; 6980; 6868; 6903; 6887; 6928; 6945; 6886; 6975; 6975; 6931; 6873; 6905; 6896; 7035; 6886; 7035; 6922; 6968; 6853; 6870; 7045; 6880; 6835; 6891; 6877; 6889; 6914; 6920; 6971; 6956; 6862; 6894; 6902; 6988; 6961; 6808; 6924; 6981; 6887; 6886; 7034; 
7000; 20985; 20854; 21111; 21035; 20825; 20984; 21088; 21103; 20898; 20817; 20721; 21135; 20961; 20948; 20841; 21016; 21095; 20981; 20981; 21088; 20889; 21016; 20935; 20816; 20790; 20850; 21140; 20979; 20904; 21192; 21009; 21098; 20974; 20974; 20922; 20924; 20972; 20809; 21065; 20961; 21155; 21052; 21165; 21086; 21020; 20821; 20941; 20999; 20807; 21040; 7010; 6973; 7078; 7047; 6976; 7017; 7096; 7072; 7001; 6936; 6919; 7081; 7002; 6998; 6981; 7058; 7022; 7026; 7019; 7028; 6954; 6969; 7004; 6964; 6921; 6949; 7121; 7029; 6994; 7112; 7036; 7042; 7056; 6988; 7007; 7006; 6992; 6976; 7078; 7008; 7073; 6995; 7077; 7048; 7018; 6930; 6965; 7009; 6943; 7043; 
7100; 20997; 21504; 21173; 21143; 21268; 21023; 21230; 21262; 21332; 21347; 21305; 21311; 21237; 21074; 21333; 21266; 21237; 21121; 21203; 21109; 21363; 21375; 21312; 21168; 21201; 21425; 21000; 21353; 21194; 21149; 21385; 21508; 21111; 21442; 21286; 21281; 21318; 21145; 21122; 21403; 21192; 21194; 21428; 21128; 21265; 21190; 21190; 21182; 21209; 21228; 6973; 7216; 7068; 7067; 7120; 7038; 7129; 7128; 7115; 7141; 7085; 7174; 7106; 7075; 7162; 7127; 7099; 7083; 7083; 7038; 7128; 7157; 7116; 7112; 7089; 7178; 7016; 7178; 7094; 7048; 7132; 7206; 7033; 7155; 7109; 7080; 7151; 7085; 7060; 7168; 7090; 7101; 7161; 7053; 7118; 7061; 7051; 7055; 7103; 7088; 
7200; 21682; 21627; 21525; 21507; 21543; 21204; 21702; 21517; 21830; 21387; 21504; 21627; 21489; 21446; 21577; 21701; 21653; 21374; 21368; 21533; 21508; 21764; 21558; 21778; 21307; 21511; 21579; 21292; 21692; 21733; 21279; 21622; 21462; 21820; 21579; 21892; 21626; 21608; 21672; 21649; 21686; 21538; 21472; 21021; 21442; 21510; 21577; 21756; 21561; 21600; 7259; 7223; 7206; 7182; 7207; 7054; 7262; 7185; 7318; 7110; 7204; 7243; 7200; 7143; 7242; 7251; 7256; 7076; 7133; 7217; 7192; 7284; 7164; 7289; 7072; 7190; 7186; 7100; 7253; 7253; 7061; 7188; 7137; 7356; 7210; 7366; 7225; 7236; 7240; 7252; 7310; 7211; 7177; 6939; 7154; 7153; 7239; 7322; 7199; 7210; 
7300; 21770; 21574; 21745; 22070; 21998; 21795; 21782; 21956; 21777; 21850; 21722; 21761; 22062; 22066; 21835; 21680; 21863; 21806; 22045; 21854; 21965; 22168; 21898; 21748; 22000; 21979; 21768; 21573; 21810; 21834; 22074; 21821; 21958; 21926; 21816; 21809; 21748; 21831; 21705; 21839; 21848; 21911; 21834; 21852; 22010; 21796; 21792; 21490; 21935; 21777; 7322; 7184; 7255; 7370; 7347; 7248; 7309; 7336; 7221; 7312; 7280; 7298; 7354; 7376; 7357; 7268; 7308; 7313; 7396; 7265; 7357; 7423; 7269; 7256; 7324; 7403; 7263; 7225; 7255; 7282; 7376; 7314; 7351; 7338; 7322; 7301; 7303; 7307; 7252; 7283; 7298; 7307; 7327; 7309; 7322; 7257; 7322; 7189; 7336; 7257; 
7400; 21890; 22223; 22357; 22327; 22113; 22294; 22260; 22016; 22080; 22169; 22239; 22047; 22127; 22161; 22284; 22376; 21926; 22244; 22236; 22260; 22230; 21912; 22041; 22093; 22063; 21814; 22008; 22238; 22105; 22000; 22106; 22316; 22129; 22304; 22226; 22151; 22355; 22252; 22257; 22032; 22101; 22224; 22094; 22034; 22197; 22055; 22123; 21997; 22074; 22228; 7307; 7405; 7489; 7462; 7383; 7516; 7441; 7348; 7408; 7381; 7417; 7346; 7397; 7425; 7454; 7479; 7349; 7480; 7435; 7460; 7446; 7293; 7384; 7420; 7350; 7282; 7338; 7461; 7419; 7344; 7418; 7441; 7377; 7480; 7395; 7449; 7435; 7431; 7446; 7357; 7416; 7465; 7399; 7347; 7407; 7397; 7365; 7332; 7319; 7448; 
7500; 22575; 22361; 22522; 22461; 22532; 22466; 22536; 22390; 22675; 22406; 22497; 22508; 22538; 22377; 22332; 22435; 22500; 22459; 22494; 22450; 22401; 22467; 22383; 22555; 22452; 22493; 22206; 22288; 22539; 22626; 22382; 22301; 22376; 22610; 22407; 22676; 22441; 22335; 22412; 22641; 22383; 22301; 22240; 22543; 22278; 22410; 22515; 22469; 22473; 22649; 7547; 7480; 7510; 7498; 7529; 7534; 7556; 7469; 7593; 7480; 7508; 7466; 7525; 7478; 7484; 7489; 7533; 7499; 7498; 7540; 7487; 7487; 7440; 7538; 7491; 7531; 7456; 7432; 7509; 7593; 7440; 7507; 7495; 7562; 7490; 7619; 7525; 7480; 7448; 7538; 7486; 7483; 7432; 7516; 7445; 7441; 7568; 7507; 7522; 7567; 
7600; 22821; 22869; 22751; 22723; 22615; 22620; 22725; 22939; 22539; 22671; 22860; 22650; 22867; 22921; 22811; 22664; 22725; 22715; 22810; 22733; 22879; 22669; 22863; 22739; 22797; 22774; 22572; 22701; 22852; 22854; 22631; 22662; 22721; 22815; 22862; 22667; 22719; 22638; 22694; 22747; 22682; 22870; 22924; 22683; 22674; 22596; 22765; 22921; 22796; 22754; 7595; 7681; 7562; 7650; 7622; 7538; 7610; 7632; 7551; 7534; 7673; 7625; 7646; 7640; 7635; 7586; 7570; 7585; 7631; 7582; 7657; 7582; 7659; 7605; 7629; 7566; 7511; 7590; 7674; 7630; 7559; 7593; 7590; 7625; 7588; 7562; 7590; 7568; 7545; 7551; 7606; 7666; 7618; 7608; 7605; 7596; 7612; 7679; 7635; 7617; 
7700; 23016; 23010; 23042; 22968; 22936; 22975; 23167; 23077; 23196; 22887; 23211; 22985; 23230; 22941; 23088; 23190; 23044; 23144; 23243; 23152; 23032; 23019; 22927; 23167; 23054; 22897; 23180; 22922; 22661; 23037; 23074; 23102; 23062; 22883; 23001; 23185; 23035; 23084; 23192; 23138; 23025; 22960; 23025; 22959; 22960; 22936; 23016; 22883; 23074; 22934; 7679; 7671; 7659; 7691; 7704; 7670; 7762; 7693; 7719; 7670; 7800; 7670; 7714; 7678; 7735; 7755; 7742; 7737; 7795; 7736; 7695; 7713; 7683; 7731; 7679; 7633; 7765; 7641; 7579; 7737; 7703; 7690; 7740; 7644; 7676; 7736; 7710; 7765; 7776; 7743; 7692; 7640; 7686; 7679; 7622; 7664; 7733; 7672; 7689; 7668; 
7800; 23547; 23448; 23284; 23570; 23455; 23576; 23338; 23305; 23300; 23576; 23374; 23432; 22990; 23341; 23184; 23490; 23324; 22972; 23511; 23466; 23392; 23293; 23103; 23344; 23566; 23188; 23633; 23256; 23587; 23359; 23443; 23315; 23244; 23173; 23572; 23195; 23146; 23206; 23230; 23442; 23399; 23526; 23126; 23288; 23207; 23586; 23677; 23262; 23468; 23249; 7883; 7858; 7804; 7921; 7862; 7937; 7790; 7801; 7797; 7924; 7813; 7805; 7640; 7812; 7701; 7868; 7762; 7644; 7886; 7841; 7803; 7775; 7700; 7827; 7911; 7717; 7945; 7739; 7922; 7840; 7833; 7822; 7733; 7743; 7889; 7735; 7725; 7763; 7760; 7854; 7829; 7879; 7703; 7785; 7708; 7906; 7953; 7778; 7892; 7760; 
7900; 23837; 23804; 23707; 23551; 23668; 23593; 23678; 23550; 23652; 23791; 23716; 23500; 23643; 23498; 23810; 23691; 23615; 23660; 23738; 23706; 23747; 23442; 23774; 23731; 23415; 23767; 23778; 23572; 23632; 23479; 23531; 23721; 23948; 23747; 24080; 23606; 23439; 23542; 23663; 23691; 23525; 23753; 23573; 23744; 23633; 23612; 23655; 23487; 23540; 23653; 7936; 7955; 7904; 7906; 7872; 7890; 7931; 7852; 7902; 7967; 7916; 7874; 7868; 7849; 7958; 7896; 7879; 7914; 7968; 7915; 7943; 7819; 7922; 7937; 7843; 7957; 7950; 7827; 7922; 7864; 7832; 7889; 8068; 7974; 8094; 7868; 7781; 7889; 7879; 7902; 7871; 7943; 7913; 7939; 7910; 7911; 7934; 7853; 7889; 7872; 
8000; 23905; 23829; 24107; 24046; 23905; 23918; 23912; 24142; 23634; 23991; 23784; 23866; 24026; 23961; 24002; 23661; 24055; 23882; 23834; 24069; 23712; 24001; 23948; 23814; 24090; 24068; 23898; 24114; 23945; 23779; 23942; 24054; 24010; 24137; 24291; 24025; 23723; 24343; 23998; 23969; 23918; 24145; 23854; 23959; 23869; 23918; 24049; 23794; 23803; 24034; 7964; 7926; 8072; 8043; 7965; 8020; 7963; 8081; 7844; 8035; 7936; 7985; 8045; 7997; 8034; 7878; 8045; 7917; 7977; 8056; 7885; 8045; 8011; 7918; 8062; 8063; 7997; 8097; 8020; 7933; 7994; 8027; 8043; 8086; 8163; 8052; 7904; 8169; 8023; 8021; 7993; 8086; 7975; 8009; 7975; 7967; 8024; 7952; 7896; 8042; 
8100; 24551; 24391; 24124; 24284; 24587; 24131; 24106; 24349; 23545; 24671; 24079; 24143; 24436; 24260; 24068; 24194; 24274; 24499; 24461; 24028; 24108; 24223; 24348; 24411; 24358; 24126; 24340; 24080; 24116; 24320; 24153; 24012; 24298; 24334; 24005; 24206; 24137; 24227; 24522; 24280; 24260; 24573; 24135; 24263; 24171; 24619; 24402; 24264; 24397; 24446; 8246; 8156; 8040; 8151; 8269; 8046; 8036; 8161; 7899; 8314; 7998; 8028; 8204; 8102; 8020; 8094; 8119; 8221; 8212; 7994; 8060; 8103; 8120; 8169; 8152; 8029; 8141; 8019; 8071; 8131; 8075; 8022; 8160; 8125; 7966; 8079; 8019; 8073; 8214; 8121; 8092; 8230; 8098; 8100; 8077; 8211; 8179; 8144; 8195; 8196; 
8200; 24463; 24546; 24215; 24503; 24518; 24530; 24561; 24713; 24616; 24615; 24640; 24705; 24424; 24710; 24563; 24289; 24721; 24615; 24519; 24600; 24447; 24815; 24578; 24359; 24409; 24353; 24562; 24542; 24527; 24696; 24537; 24598; 24479; 24456; 24612; 24571; 24465; 24490; 24486; 24533; 24498; 24261; 24557; 24694; 24498; 24579; 24564; 24285; 24520; 24474; 8184; 8221; 8067; 8166; 8206; 8215; 8233; 8253; 8257; 8224; 8207; 8245; 8157; 8273; 8190; 8122; 8244; 8203; 8225; 8244; 8164; 8306; 8198; 8147; 8164; 8100; 8217; 8181; 8183; 8304; 8177; 8270; 8125; 8213; 8218; 8213; 8183; 8172; 8175; 8188; 8189; 8093; 8188; 8284; 8180; 8214; 8213; 8114; 8211; 8222; 
8300; 24852; 25106; 24780; 24967; 24831; 24764; 24820; 24905; 24918; 24830; 24808; 24969; 24843; 24764; 25059; 24736; 24950; 24990; 24765; 24996; 24877; 24899; 25068; 25040; 24656; 24887; 25019; 24914; 24975; 24766; 24729; 24576; 24534; 24798; 24945; 24800; 24798; 25162; 24752; 24754; 24865; 24789; 24825; 24934; 25018; 24968; 24740; 24669; 25019; 24616; 8347; 8428; 8268; 8363; 8299; 8266; 8284; 8340; 8330; 8275; 8311; 8356; 8294; 8287; 8365; 8210; 8340; 8310; 8314; 8363; 8310; 8354; 8395; 8413; 8262; 8333; 8418; 8377; 8394; 8312; 8259; 8172; 8177; 8326; 8357; 8310; 8276; 8452; 8280; 8299; 8289; 8282; 8263; 8349; 8393; 8320; 8213; 8220; 8373; 8225; 
8400; 25046; 25024; 25219; 24964; 25260; 25315; 25305; 25159; 25208; 25353; 25015; 25060; 25096; 25160; 25103; 24981; 25282; 25132; 25248; 25152; 25204; 25187; 25329; 25011; 25179; 25057; 25027; 25148; 25152; 25302; 25364; 25058; 25083; 25156; 25011; 25251; 25167; 25055; 25057; 25182; 25189; 25012; 25140; 25178; 25219; 25185; 25227; 25279; 25146; 25110; 8344; 8412; 8431; 8376; 8437; 8445; 8376; 8402; 8433; 8447; 8386; 8420; 8345; 8349; 8404; 8318; 8451; 8352; 8397; 8417; 8423; 8422; 8431; 8387; 8405; 8386; 8334; 8401; 8382; 8404; 8506; 8400; 8441; 8399; 8330; 8412; 8378; 8356; 8361; 8445; 8405; 8430; 8374; 8408; 8455; 8413; 8446; 8440; 8349; 8375; 
8500; 25409; 25445; 25569; 25556; 25502; 25551; 25408; 25466; 25601; 25483; 25461; 25337; 25509; 25309; 25574; 25621; 25578; 25522; 25570; 25216; 25347; 25312; 25716; 25402; 25374; 25244; 25108; 25477; 25403; 25480; 25475; 25222; 25316; 25519; 25220; 25401; 25411; 25599; 25301; 25613; 25707; 25569; 25104; 25540; 25305; 25526; 25292; 25687; 25472; 25485; 8456; 8543; 8590; 8544; 8523; 8515; 8488; 8525; 8571; 8543; 8512; 8449; 8531; 8468; 8498; 8609; 8550; 8534; 8551; 8430; 8448; 8423; 8552; 8516; 8462; 8418; 8361; 8525; 8468; 8483; 8553; 8414; 8405; 8481; 8400; 8489; 8493; 8571; 8475; 8585; 8598; 8612; 8309; 8536; 8399; 8498; 8433; 8599; 8522; 8548; 
8600; 25830; 25560; 25828; 25924; 25873; 25884; 26063; 25724; 25754; 25708; 25542; 25857; 26058; 26120; 25573; 25648; 25874; 25698; 26044; 25640; 25610; 25662; 25898; 25828; 25556; 25845; 25444; 26054; 25887; 25863; 25868; 25833; 25567; 25662; 25618; 25792; 25755; 25705; 25731; 25659; 25838; 25728; 26033; 25731; 25818; 25672; 25784; 25713; 25770; 25843; 8632; 8509; 8632; 8672; 8660; 8664; 8735; 8570; 8606; 8613; 8506; 8661; 8759; 8800; 8498; 8564; 8687; 8563; 8738; 8548; 8532; 8567; 8676; 8646; 8519; 8659; 8439; 8783; 8693; 8660; 8651; 8656; 8514; 8565; 8542; 8630; 8592; 8591; 8591; 8587; 8640; 8571; 8737; 8578; 8643; 8583; 8632; 8589; 8610; 8645; 
8700; 26184; 26157; 26193; 25896; 25924; 25974; 26079; 26191; 26065; 26145; 26295; 26033; 26024; 26026; 26105; 25996; 26122; 26045; 26077; 26143; 26036; 26011; 26088; 26187; 26069; 26005; 26210; 26208; 26163; 25902; 25991; 26211; 25900; 26244; 25981; 26137; 26102; 25969; 26155; 25988; 26255; 26018; 26183; 26084; 26022; 25877; 26282; 26137; 26156; 25927; 8703; 8736; 8713; 8660; 8661; 8648; 8702; 8762; 8676; 8756; 8728; 8674; 8715; 8716; 8692; 8692; 8715; 8728; 8753; 8722; 8686; 8644; 8734; 8797; 8677; 8704; 8756; 8743; 8778; 8650; 8676; 8734; 8659; 8703; 8737; 8789; 8718; 8697; 8722; 8692; 8737; 8713; 8803; 8719; 8678; 8678; 8790; 8679; 8747; 8682; 
8800; 26401; 26271; 26500; 26500; 26547; 26397; 26341; 26588; 26234; 26071; 26424; 26489; 26656; 26084; 26410; 26452; 26393; 26338; 26458; 26487; 26628; 26175; 26241; 26276; 26356; 26069; 26639; 26278; 26232; 26286; 26632; 26213; 26673; 26352; 26316; 26343; 26408; 26529; 26526; 26464; 26525; 26377; 26348; 26541; 26411; 26648; 26191; 26394; 26592; 26605; 8825; 8792; 8891; 8868; 8889; 8818; 8807; 8890; 8752; 8731; 8801; 8844; 8958; 8697; 8810; 8857; 8841; 8774; 8831; 8891; 8930; 8715; 8796; 8806; 8814; 8712; 8928; 8736; 8723; 8766; 8927; 8742; 8938; 8818; 8753; 8826; 8829; 8890; 8823; 8850; 8914; 8801; 8805; 8871; 8809; 8931; 8761; 8838; 8900; 8961; 
8900; 26517; 26632; 26626; 26782; 26518; 26762; 26768; 26748; 26453; 26770; 26534; 26700; 26665; 26725; 26626; 26866; 26948; 26959; 26809; 26604; 26527; 26849; 26738; 26654; 26647; 26753; 26686; 26782; 26719; 26630; 26843; 26665; 26785; 26617; 26650; 26675; 26302; 26583; 26796; 26733; 26749; 26610; 26776; 26644; 26577; 26613; 26805; 26509; 26494; 26596; 8857; 8979; 8857; 8922; 8802; 8957; 8956; 8933; 8802; 8957; 8824; 8899; 8912; 8937; 8914; 9013; 9030; 9021; 8961; 8925; 8817; 9017; 8914; 8889; 8949; 8892; 8875; 8957; 8885; 8868; 8937; 8852; 8961; 8908; 8923; 8916; 8749; 8836; 8954; 8907; 8972; 8880; 8962; 8956; 8860; 8850; 8988; 8850; 8843; 8847; 
9000; 27063; 26684; 27289; 27098; 26956; 26833; 26899; 26867; 26948; 26688; 26925; 26982; 26792; 26846; 26452; 26851; 26963; 26702; 26889; 26933; 27267; 26796; 27010; 26906; 26925; 27112; 27013; 26730; 27017; 27130; 26982; 26746; 27149; 26897; 27167; 26971; 27018; 26851; 26798; 26993; 27167; 27232; 26733; 26861; 26850; 26861; 26789; 26952; 26965; 27080; 9027; 8863; 9169; 9088; 9032; 8927; 8956; 8996; 8997; 8881; 8975; 9034; 8961; 8964; 8860; 8933; 9029; 8868; 8958; 9025; 9149; 8919; 9029; 8959; 8996; 9064; 9038; 8932; 9030; 9042; 9006; 8972; 9127; 8968; 9023; 9004; 9058; 8949; 8949; 9074; 9103; 9116; 8976; 8971; 8948; 8986; 8937; 8976; 9007; 9025; 
9100; 27245; 27215; 27514; 27242; 27292; 26951; 27304; 27647; 27225; 27176; 26944; 27440; 27589; 27404; 27382; 27400; 27461; 27510; 27320; 27364; 26947; 27069; 27146; 27130; 27193; 27042; 27191; 27336; 27268; 27078; 27348; 27275; 27354; 27280; 27139; 27520; 27454; 27260; 27591; 27143; 27415; 27226; 27245; 27415; 27347; 27525; 27064; 27302; 27417; 27503; 9148; 9080; 9182; 9072; 9159; 9009; 9085; 9291; 9143; 9058; 9013; 9146; 9256; 9141; 9124; 9168; 9169; 9218; 9131; 9161; 9013; 9038; 9065; 9079; 9065; 9078; 9127; 9150; 9102; 9051; 9186; 9083; 9116; 9130; 9061; 9183; 9189; 9137; 9243; 9058; 9168; 9035; 9025; 9193; 9128; 9254; 9132; 9167; 9157; 9203; 
9200; 27540; 27569; 27482; 27667; 27527; 27621; 27701; 27576; 27449; 27767; 27697; 27367; 27662; 27666; 27789; 27672; 27286; 27438; 27302; 27422; 27676; 27602; 27440; 27883; 27736; 27567; 27761; 27579; 27532; 27423; 27916; 27796; 27741; 27483; 27445; 27764; 27636; 27950; 27439; 27731; 27232; 27466; 27710; 27352; 27519; 27559; 27369; 27382; 27810; 27539; 9170; 9231; 9152; 9269; 9196; 9250; 9276; 9208; 9151; 9290; 9287; 9111; 9275; 9259; 9320; 9266; 9051; 9154; 9067; 9131; 9303; 9248; 9157; 9368; 9288; 9211; 9306; 9219; 9176; 9190; 9416; 9304; 9292; 9157; 9152; 9313; 9221; 9424; 9150; 9305; 9048; 9179; 9293; 9090; 9217; 9201; 9094; 9114; 9345; 9188; 
9300; 27794; 28083; 27817; 27847; 27859; 27935; 27701; 28025; 27830; 28027; 27764; 27645; 27808; 27922; 27832; 28055; 27878; 27763; 27949; 27785; 27782; 27939; 27920; 27914; 27812; 28139; 27953; 27584; 27966; 27620; 28004; 28302; 28205; 27977; 28101; 27884; 27705; 27784; 28052; 27884; 27962; 27964; 27823; 27804; 28123; 27872; 27775; 28315; 27517; 27718; 9253; 9372; 9303; 9271; 9294; 9322; 9255; 9424; 9271; 9385; 9240; 9189; 9273; 9359; 9290; 9411; 9315; 9240; 9332; 9280; 9284; 9318; 9336; 9337; 9319; 9424; 9349; 9148; 9333; 9224; 9397; 9490; 9477; 9353; 9439; 9354; 9228; 9259; 9396; 9316; 9356; 9341; 9318; 9243; 9434; 9274; 9271; 9526; 9148; 9238; 
9400; 28033; 28094; 28310; 28279; 28029; 28184; 28298; 27996; 28148; 28352; 28202; 28201; 28248; 28271; 28048; 27793; 28067; 28136; 28133; 28358; 28066; 28188; 28092; 28402; 28221; 28285; 28185; 28113; 28070; 28080; 27958; 28062; 28317; 28102; 27873; 28279; 28103; 28312; 28188; 28039; 28011; 28035; 28304; 28144; 28249; 28086; 28334; 28266; 27927; 28483; 9380; 9389; 9470; 9448; 9389; 9418; 9500; 9344; 9413; 9502; 9447; 9464; 9442; 9455; 9334; 9279; 9341; 9453; 9379; 9523; 9415; 9399; 9362; 9532; 9459; 9442; 9414; 9373; 9363; 9393; 9290; 9329; 9472; 9368; 9268; 9481; 9366; 9444; 9401; 9324; 9329; 9406; 9494; 9384; 9434; 9376; 9492; 9448; 9328; 9579; 
9500; 28473; 28497; 28491; 28590; 28472; 28435; 28420; 28460; 28492; 28429; 28380; 28477; 28485; 28216; 28430; 28356; 28381; 28450; 28487; 28528; 28504; 28260; 28610; 28313; 28332; 28524; 28371; 28555; 28159; 28501; 28547; 28342; 28520; 28394; 28510; 28531; 28498; 28596; 28596; 28470; 28421; 28475; 28458; 28279; 28333; 28534; 28228; 28376; 28639; 28351; 9493; 9584; 9478; 9544; 9505; 9526; 9513; 9461; 9565; 9491; 9516; 9527; 9559; 9437; 9506; 9487; 9504; 9547; 9487; 9502; 9547; 9416; 9553; 9539; 9473; 9514; 9487; 9530; 9492; 9558; 9550; 9415; 9543; 9489; 9520; 9498; 9555; 9583; 9563; 9508; 9447; 9469; 9567; 9437; 9449; 9524; 9455; 9424; 9565; 9422; 
9600; 28718; 28810; 28756; 28842; 28655; 28994; 28855; 28867; 28988; 28738; 28797; 28522; 29023; 29015; 28734; 28737; 28764; 28829; 29052; 28811; 28916; 28706; 28879; 28668; 28673; 28623; 28981; 28638; 28791; 28833; 28698; 28817; 28556; 29133; 28885; 28774; 29056; 29016; 28701; 28710; 28586; 29071; 29232; 28811; 29182; 28688; 28863; 29098; 28831; 28886; 9597; 9658; 9612; 9647; 9551; 9719; 9654; 9650; 9725; 9578; 9612; 9528; 9750; 9750; 9593; 9595; 9610; 9646; 9733; 9616; 9685; 9578; 9650; 9560; 9571; 9566; 9710; 9534; 9619; 9638; 9566; 9625; 9517; 9760; 9650; 9628; 9757; 9754; 9575; 9573; 9514; 9769; 9835; 9654; 9826; 9528; 9663; 9782; 9621; 9663; 
9700; 29059; 29043; 28719; 28841; 29115; 29239; 29031; 29198; 29123; 29113; 29127; 29203; 29095; 28896; 29094; 29068; 28865; 29030; 28747; 29066; 29228; 29055; 29102; 28882; 29104; 29093; 29344; 29060; 29205; 29328; 28906; 28760; 29209; 28884; 29236; 29006; 29129; 29013; 29036; 29376; 29171; 29293; 28978; 28879; 29058; 28992; 29148; 28813; 29263; 29191; 9703; 9655; 9529; 9631; 9742; 9792; 9710; 9783; 9801; 9703; 9787; 9769; 9718; 9692; 9736; 9732; 9639; 9708; 9582; 9708; 9806; 9703; 9707; 9645; 9739; 9707; 9859; 9722; 9707; 9843; 9680; 9602; 9770; 9625; 9815; 9671; 9730; 9660; 9738; 9870; 9767; 9795; 9721; 9644; 9726; 9677; 9738; 9627; 9738; 9763; 
9800; 29129; 29026; 29481; 29576; 29496; 29784; 29337; 29488; 29593; 29281; 29333; 29723; 29399; 29199; 29540; 29425; 29271; 29158; 29482; 29399; 29469; 29424; 29698; 29400; 29422; 29403; 29278; 29503; 29259; 29420; 29157; 29531; 29463; 29133; 29398; 29322; 29584; 29627; 29608; 29545; 29365; 29383; 29285; 29388; 29407; 29402; 29217; 29076; 29439; 29530; 9688; 9620; 9849; 9922; 9905; 9922; 9819; 9861; 9918; 9777; 9742; 9951; 9817; 9744; 9875; 9795; 9764; 9696; 9871; 9832; 9869; 9817; 9939; 9840; 9816; 9834; 9714; 9823; 9757; 9845; 9754; 9854; 9804; 9735; 9820; 9761; 9931; 9931; 9968; 9906; 9790; 9810; 9784; 9853; 9835; 9870; 9768; 9717; 9853; 9820; 
9900; 29729; 29448; 29590; 29808; 29932; 29848; 29718; 29688; 29905; 29741; 29799; 29659; 29764; 29490; 29751; 29600; 30072; 29796; 29673; 29784; 29827; 29789; 29948; 29496; 29623; 29551; 29711; 30074; 29905; 29900; 29665; 29539; 29839; 29793; 29535; 29556; 30112; 29715; 29502; 30010; 29772; 30021; 29766; 29878; 29460; 29757; 29735; 29616; 29677; 29925; 9956; 9817; 9868; 9969; 10051; 10009; 9907; 9932; 10029; 9961; 9988; 9922; 9965; 9844; 9945; 9881; 10090; 9993; 9903; 9969; 9968; 9967; 10040; 9813; 9904; 9847; 9933; 10124; 10032; 10041; 9901; 9842; 9983; 9986; 9850; 9866; 10137; 9923; 9836; 10073; 9963; 10100; 9955; 10003; 9828; 9949; 9949; 9879; 9920; 10049; 
10000; 29762; 30013; 30114; 30221; 29800; 29991; 29979; 29866; 30166; 29991; 30158; 29889; 29990; 30072; 30157; 29606; 29897; 30119; 29937; 29851; 30272; 30034; 30056; 29829; 29892; 29304; 30018; 30010; 30189; 29845; 29907; 29704; 30004; 30111; 30042; 29839; 29941; 29809; 30054; 29603; 29823; 29906; 30121; 29872; 29844; 29873; 30106; 29885; 30222; 30217; 9918; 10043; 10084; 10084; 9947; 9987; 10037; 10010; 10089; 10063; 10061; 9930; 9998; 10088; 10120; 9880; 10025; 10094; 10008; 9922; 10116; 10049; 10028; 9962; 10033; 9774; 10064; 10055; 10114; 9949; 9941; 9923; 10045; 10085; 10124; 9953; 10041; 10027; 10056; 9826; 9954; 9994; 10049; 9984; 9958; 9936; 10056; 9996; 10081; 10127; 
