n; comparisons; ; ; ; ; ; ; ; ; ; ; ; ; ; ; ; ; ; ; ; ; ; ; ; ; swaps; ; ; ; ; ; ; ; ; ; ; ; ; ; ; ; ; ; ; ; ; ; ; ; ; duration;
100; 292; 289; 264; 317; 289; 271; 303; 296; 146; 293; 292; 317; 290; 305; 303; 288; 302; 282; 284; 292; 298; 146; 293; 281; 300; 113; 108; 99; 124; 107; 94; 116; 108; 49; 108; 113; 124; 105; 123; 113; 106; 113; 102; 105; 107; 113; 48; 112; 104; 115; 0,0; 0,0; 0,0; 0,0; 0,0; 0,0; 0,0; 0,0; 0,0; 0,0; 0,0; 0,0; 0,0; 0,0; 0,0; 0,0; 0,0; 0,0; 0,0; 0,0; 0,0; 0,0; 0,0; 0,0; 0,0; 
200; 587; 607; 576; 586; 585; 633; 574; 596; 600; 555; 583; 597; 604; 610; 589; 592; 615; 585; 581; 587; 596; 597; 587; 584; 589; 211; 221; 208; 206; 206; 232; 203; 211; 220; 196; 210; 214; 214; 223; 210; 211; 228; 219; 203; 207; 219; 208; 208; 205; 212; 0,0; 0,0; 0,0; 962,0; 0,0; 0,0; 0,0; 0,0; 0,0; 0,0; 0,0; 0,0; 0,0; 0,0; 0,0; 0,0; 0,0; 0,0; 0,0; 0,0; 0,0; 0,0; 0,0; 0,0; 0,0; 
300; 898; 908; 867; 943; 809; 891; 827; 925; 971; 890; 916; 883; 916; 884; 894; 930; 841; 874; 962; 948; 786; 884; 865; 921; 967; 318; 327; 305; 343; 284; 315; 277; 332; 356; 306; 317; 299; 325; 307; 313; 319; 292; 301; 344; 333; 274; 310; 301; 330; 342; 0,0; 0,0; 0,0; 0,0; 995,0; 0,0; 0,0; 0,0; 0,0; 0,0; 0,0; 0,0; 0,0; 0,0; 0,0; 0,0; 0,0; 0,0; 0,0; 0,0; 0,0; 0,0; 0,0; 0,0; 0,0; 
400; 1210; 1231; 1184; 1166; 1177; 594; 1231; 1216; 1173; 1188; 1236; 1181; 1195; 1199; 1229; 1200; 1181; 1210; 1194; 1206; 1189; 1259; 1200; 1155; 1183; 427; 432; 398; 402; 405; 196; 429; 416; 403; 415; 431; 407; 406; 418; 437; 421; 400; 418; 415; 416; 414; 449; 430; 407; 413; 0,0; 0,0; 0,0; 0,0; 0,0; 0,0; 0,0; 0,0; 1000,0; 0,0; 0,0; 0,0; 0,0; 0,0; 0,0; 0,0; 0,0; 0,0; 0,0; 0,0; 0,0; 1000,0; 0,0; 0,0; 0,0; 
500; 1509; 1520; 1530; 1591; 1526; 1508; 1557; 1519; 1551; 1470; 1445; 1490; 1463; 1534; 1428; 1571; 1457; 1426; 1540; 1465; 1460; 1459; 1462; 1537; 1449; 522; 528; 526; 569; 525; 529; 544; 528; 538; 512; 494; 506; 492; 531; 486; 543; 503; 486; 543; 513; 500; 493; 505; 531; 495; 0,0; 0,0; 0,0; 0,0; 0,0; 1000,0; 0,0; 0,0; 0,0; 0,0; 0,0; 0,0; 0,0; 0,0; 0,0; 0,0; 0,0; 0,0; 0,0; 0,0; 1003,0; 0,0; 0,0; 0,0; 0,0; 
600; 1755; 1711; 1852; 1738; 1798; 1824; 1848; 1815; 1686; 1686; 1826; 1733; 1745; 1808; 1792; 1809; 1746; 1707; 1760; 1805; 1765; 1834; 1834; 1699; 1768; 596; 578; 653; 596; 614; 648; 627; 654; 583; 573; 620; 589; 595; 616; 591; 619; 615; 592; 603; 628; 609; 629; 639; 576; 611; 0,0; 0,0; 0,0; 0,0; 0,0; 995,0; 0,0; 0,0; 0,0; 0,0; 0,0; 0,0; 0,0; 1013,0; 0,0; 0,0; 0,0; 0,0; 0,0; 987,0; 0,0; 0,0; 0,0; 0,0; 0,0; 
700; 2125; 2065; 2029; 2048; 2045; 2012; 2174; 2076; 2121; 2082; 2088; 2089; 2042; 2053; 2068; 2131; 2040; 2123; 2163; 2094; 2029; 2025; 2049; 2018; 1904; 729; 707; 690; 699; 697; 674; 748; 703; 716; 721; 715; 719; 685; 706; 710; 735; 680; 737; 744; 725; 689; 675; 687; 681; 628; 0,0; 0,0; 0,0; 1002,0; 0,0; 0,0; 0,0; 0,0; 0,0; 0,0; 0,0; 0,0; 0,0; 997,0; 0,0; 0,0; 0,0; 0,0; 0,0; 0,0; 0,0; 0,0; 0,0; 0,0; 999,0; 
800; 2407; 2398; 2251; 2365; 2447; 2407; 2433; 2380; 2422; 2295; 2240; 2462; 2279; 2390; 2368; 2389; 2343; 2394; 2360; 2327; 2481; 2333; 2394; 2382; 2278; 830; 830; 753; 815; 831; 823; 836; 819; 822; 787; 749; 841; 767; 816; 809; 832; 804; 811; 795; 789; 860; 792; 812; 833; 776; 0,0; 0,0; 0,0; 0,0; 0,0; 0,0; 1000,0; 0,0; 0,0; 0,0; 0,0; 0,0; 0,0; 1000,0; 0,0; 0,0; 0,0; 0,0; 0,0; 1003,0; 0,0; 0,0; 0,0; 0,0; 0,0; 
900; 2708; 2644; 2686; 2628; 2726; 2684; 2636; 2747; 2714; 2704; 2690; 2689; 2709; 2732; 2787; 2723; 2634; 2692; 2805; 2679; 2674; 2684; 2712; 2690; 2690; 930; 898; 925; 892; 919; 902; 907; 940; 929; 924; 929; 929; 942; 921; 974; 928; 889; 936; 963; 915; 910; 912; 932; 902; 902; 0,0; 0,0; 0,0; 0,0; 0,0; 0,0; 0,0; 1000,0; 0,0; 0,0; 0,0; 0,0; 0,0; 0,0; 0,0; 0,0; 0,0; 0,0; 1180,0; 0,0; 0,0; 0,0; 831,0; 0,0; 0,0; 
1000; 2937; 2984; 3005; 2921; 2977; 2982; 2986; 2973; 2925; 3027; 3017; 2985; 2973; 3043; 2948; 2982; 2954; 2933; 2985; 2983; 3033; 2964; 3032; 3006; 3004; 1012; 993; 1028; 997; 988; 1006; 1014; 1017; 999; 1028; 1004; 985; 1013; 1035; 998; 987; 1000; 987; 1009; 1003; 1055; 1028; 1029; 1018; 998; 0,0; 0,0; 0,0; 1077,0; 0,0; 0,0; 926,0; 0,0; 0,0; 0,0; 0,0; 955,0; 0,0; 0,0; 0,0; 0,0; 0,0; 0,0; 0,0; 0,0; 0,0; 0,0; 0,0; 995,0; 0,0; 
1100; 3276; 3292; 3389; 3252; 3341; 3276; 3241; 3248; 3300; 3266; 3277; 3277; 3269; 3222; 3260; 3263; 3252; 3366; 3313; 3272; 3245; 3309; 3252; 3296; 3356; 1125; 1112; 1116; 1111; 1122; 1110; 1105; 1110; 1140; 1095; 1142; 1120; 1105; 1092; 1089; 1115; 1107; 1114; 1115; 1100; 1109; 1121; 1104; 1127; 1117; 0,0; 0,0; 943,0; 0,0; 0,0; 0,0; 0,0; 1066,0; 0,0; 0,0; 0,0; 0,0; 849,0; 0,0; 0,0; 0,0; 0,0; 0,0; 992,0; 0,0; 0,0; 939,0; 0,0; 0,0; 1023,0; 
1200; 3590; 3530; 3595; 3590; 3545; 3545; 3456; 3614; 3542; 3656; 3554; 3606; 3537; 3620; 3544; 3658; 3615; 3450; 3597; 3567; 3515; 3566; 3506; 3531; 3602; 1230; 1183; 1212; 1237; 1175; 1205; 1164; 1227; 1189; 1228; 1201; 1212; 1192; 1244; 1176; 1241; 1225; 1149; 1222; 1218; 1195; 1204; 1171; 1185; 1231; 0,0; 0,0; 0,0; 0,0; 0,0; 0,0; 1070,0; 0,0; 0,0; 926,0; 0,0; 0,0; 0,0; 0,0; 1079,0; 0,0; 0,0; 0,0; 926,0; 0,0; 0,0; 0,0; 999,0; 0,0; 0,0; 
1300; 3887; 3872; 3896; 3905; 3925; 3910; 3897; 3869; 3873; 3893; 3849; 3906; 3892; 3918; 3808; 3885; 3874; 3907; 3947; 3981; 3865; 3827; 3888; 3749; 3877; 1308; 1336; 1321; 1320; 1307; 1335; 1323; 1315; 1310; 1319; 1299; 1306; 1337; 1307; 1283; 1305; 1309; 1324; 1342; 1340; 1329; 1286; 1292; 1261; 1316; 0,0; 1000,0; 0,0; 0,0; 0,0; 0,0; 0,0; 0,0; 0,0; 994,0; 0,0; 0,0; 0,0; 0,0; 0,0; 0,0; 1038,0; 0,0; 0,0; 0,0; 1013,0; 0,0; 0,0; 1026,0; 0,0; 
1400; 4187; 4179; 4106; 4153; 4165; 4182; 4046; 4241; 4298; 4247; 4151; 4168; 4176; 4186; 4168; 4167; 4183; 4130; 4180; 4245; 4160; 4186; 4242; 4171; 4129; 1415; 1404; 1397; 1399; 1404; 1407; 1390; 1451; 1456; 1422; 1415; 1405; 1427; 1408; 1414; 1430; 1416; 1371; 1416; 1435; 1387; 1417; 1414; 1409; 1398; 0,0; 989,0; 0,0; 0,0; 931,0; 0,0; 0,0; 0,0; 1064,0; 0,0; 0,0; 1319,0; 0,0; 0,0; 0,0; 0,0; 0,0; 1012,0; 0,0; 0,0; 940,0; 0,0; 0,0; 1000,0; 0,0; 
1500; 4452; 4362; 4499; 4486; 4442; 4445; 4507; 4465; 4441; 4521; 4439; 4465; 4453; 4487; 4601; 4503; 4435; 4475; 4508; 4483; 4542; 4431; 4534; 4488; 4462; 1484; 1454; 1512; 1532; 1479; 1493; 1514; 1519; 1469; 1529; 1495; 1509; 1505; 1502; 1547; 1534; 1481; 1508; 1536; 1510; 1547; 1477; 1551; 1530; 1489; 1028,0; 0,0; 0,0; 944,0; 0,0; 0,0; 0,0; 1054,0; 0,0; 0,0; 944,0; 0,0; 0,0; 0,0; 0,0; 0,0; 0,0; 961,0; 0,0; 0,0; 1018,0; 0,0; 0,0; 1059,0; 0,0; 
1600; 4831; 4546; 4704; 4768; 4732; 4775; 4848; 4735; 4796; 4784; 4817; 4821; 4821; 4667; 4761; 4715; 4762; 4785; 4775; 4814; 4690; 4782; 4744; 4749; 4808; 1631; 1544; 1568; 1586; 1577; 1592; 1615; 1614; 1624; 1602; 1617; 1611; 1636; 1592; 1611; 1599; 1591; 1617; 1599; 1628; 1582; 1626; 1589; 1580; 1596; 0,0; 995,0; 0,0; 928,0; 0,0; 0,0; 1056,0; 0,0; 0,0; 0,0; 0,0; 0,0; 0,0; 0,0; 0,0; 0,0; 979,0; 0,0; 942,0; 0,0; 0,0; 1016,0; 0,0; 0,0; 997,0; 
1700; 5031; 5145; 5087; 5012; 5135; 5081; 5097; 5083; 5071; 4987; 5046; 5169; 5067; 5094; 5117; 5155; 5001; 5055; 5134; 5109; 5071; 5061; 5130; 5038; 5100; 1696; 1729; 1711; 1706; 1716; 1713; 1726; 1711; 1716; 1682; 1704; 1717; 1710; 1708; 1723; 1735; 1709; 1703; 1713; 1727; 1700; 1702; 1740; 1714; 1715; 0,0; 994,0; 0,0; 0,0; 0,0; 0,0; 0,0; 0,0; 0,0; 1010,0; 0,0; 0,0; 987,0; 0,0; 0,0; 1002,0; 0,0; 942,0; 0,0; 0,0; 1000,0; 0,0; 0,0; 1136,0; 0,0; 
1800; 5483; 5278; 5390; 5379; 5504; 5346; 5423; 5397; 5366; 5358; 5279; 5154; 5428; 5579; 5659; 5370; 5483; 5242; 5373; 5342; 5328; 5312; 5347; 5404; 5322; 1872; 1746; 1821; 1813; 1883; 1788; 1845; 1837; 1813; 1794; 1760; 1719; 1827; 1907; 1947; 1816; 1859; 1751; 1816; 1795; 1776; 1774; 1789; 1827; 1786; 0,0; 0,0; 0,0; 0,0; 999,0; 0,0; 0,0; 997,0; 0,0; 0,0; 1005,0; 0,0; 938,0; 0,0; 0,0; 0,0; 0,0; 0,0; 0,0; 1132,0; 0,0; 0,0; 0,0; 0,0; 997,0; 
1900; 5704; 5573; 5610; 5825; 5660; 5693; 5717; 5890; 5710; 5689; 5712; 5615; 5707; 5561; 5756; 5762; 5681; 5724; 5543; 5628; 5712; 5604; 5577; 5715; 5689; 1938; 1868; 1875; 1990; 1916; 1923; 1939; 2008; 1919; 1922; 1926; 1880; 1921; 1851; 1953; 1954; 1914; 1935; 1856; 1889; 1938; 1871; 1848; 1933; 1908; 0,0; 1012,0; 0,0; 989,0; 0,0; 1002,0; 0,0; 999,0; 0,0; 1007,0; 1062,0; 930,0; 0,0; 0,0; 0,0; 943,0; 0,0; 1046,0; 0,0; 955,0; 0,0; 0,0; 0,0; 1052,0; 0,0; 
2000; 5928; 6001; 6058; 5988; 5991; 5984; 5898; 5994; 5944; 6040; 5913; 5986; 5869; 5945; 5950; 6020; 5980; 6008; 5950; 6030; 5975; 5963; 5927; 6033; 5909; 2006; 2009; 2062; 2013; 2010; 2007; 1983; 2021; 1978; 2025; 1995; 2051; 1983; 1982; 1959; 2018; 2046; 2017; 2032; 2019; 1990; 1981; 2003; 2042; 1977; 930,0; 0,0; 1002,0; 0,0; 0,0; 0,0; 0,0; 1000,0; 0,0; 1002,0; 0,0; 1000,0; 0,0; 1000,0; 0,0; 1054,0; 0,0; 0,0; 1015,0; 0,0; 930,0; 1000,0; 0,0; 999,0; 0,0; 
2100; 6294; 6263; 6339; 6337; 6353; 6219; 6192; 6339; 6265; 6269; 6243; 6072; 6201; 6351; 6371; 6337; 6461; 6373; 6069; 6172; 6284; 6353; 6124; 6318; 6308; 2126; 2110; 2149; 2160; 2139; 2094; 2085; 2151; 2076; 2125; 2091; 2026; 2092; 2129; 2146; 2124; 2203; 2163; 2023; 2056; 2111; 2144; 2047; 2122; 2147; 0,0; 977,0; 277,0; 737,0; 0,0; 1010,0; 0,0; 977,0; 0,0; 999,0; 0,0; 1000,0; 0,0; 997,0; 0,0; 1093,0; 0,0; 911,0; 992,0; 999,0; 0,0; 0,0; 1000,0; 1000,0; 0,0; 
2200; 6552; 6495; 6671; 6603; 6588; 6651; 6618; 6622; 6690; 6765; 6654; 6710; 6536; 6512; 6595; 6630; 6621; 6572; 6591; 6590; 6664; 6691; 6636; 6688; 6482; 2199; 2170; 2259; 2222; 2208; 2246; 2220; 2244; 2264; 2309; 2249; 2277; 2200; 2184; 2219; 2242; 2237; 2210; 2212; 2213; 2258; 2276; 2245; 2268; 2175; 0,0; 984,0; 0,0; 997,0; 0,0; 1005,0; 0,0; 0,0; 970,0; 0,0; 1002,0; 0,0; 1118,0; 0,0; 876,0; 0,0; 1002,0; 1054,0; 0,0; 981,0; 965,0; 0,0; 0,0; 1000,0; 0,0; 
2300; 6839; 6983; 6820; 6894; 6872; 6917; 6813; 6904; 6831; 6802; 6784; 6896; 6880; 6815; 6919; 6997; 6831; 6830; 7015; 6870; 6868; 6879; 6903; 6847; 6838; 2301; 2340; 2261; 2279; 2317; 2312; 2302; 2310; 2320; 2261; 2291; 2324; 2327; 2318; 2313; 2328; 2272; 2340; 2340; 2328; 2297; 2308; 2329; 2356; 2276; 1000,0; 999,0; 0,0; 1030,0; 1969,0; 0,0; 1007,0; 1031,0; 0,0; 969,0; 0,0; 992,0; 0,0; 0,0; 1038,0; 0,0; 964,0; 0,0; 1052,0; 0,0; 1018,0; 926,0; 0,0; 1005,0; 0,0; 
2400; 7201; 7305; 7164; 7149; 7204; 7250; 7139; 7224; 7065; 7060; 6779; 7201; 7148; 7099; 7090; 7317; 7168; 7162; 7152; 7109; 7185; 7261; 7097; 7212; 7234; 2431; 2464; 2408; 2400; 2425; 2420; 2407; 2439; 2371; 2393; 2268; 2413; 2385; 2374; 2388; 2462; 2421; 2404; 2403; 2392; 2428; 2452; 2371; 2395; 2413; 940,0; 0,0; 1061,0; 938,0; 0,0; 1067,0; 1275,0; 712,0; 0,0; 1021,0; 982,0; 0,0; 1000,0; 940,0; 0,0; 1059,0; 1005,0; 994,0; 0,0; 1007,0; 0,0; 0,0; 990,0; 0,0; 999,0; 
2500; 7461; 7394; 7402; 7605; 7399; 7493; 7500; 7449; 7456; 7479; 7411; 7507; 7549; 7518; 7438; 7405; 7399; 7472; 7529; 7435; 7433; 7505; 7520; 7389; 7479; 2491; 2497; 2521; 2554; 2490; 2539; 2537; 2506; 2475; 2493; 2485; 2514; 2526; 2525; 2503; 2467; 2485; 2508; 2520; 2485; 2511; 2537; 2500; 2480; 2535; 995,0; 0,0; 1016,0; 982,0; 0,0; 999,0; 1023,0; 938,0; 981,0; 0,0; 1062,0; 0,0; 992,0; 1005,0; 0,0; 997,0; 1005,0; 0,0; 1005,0; 0,0; 0,0; 1007,0; 0,0; 0,0; 1000,0; 
2600; 7858; 7681; 7876; 7810; 7565; 7713; 7717; 7804; 7706; 7802; 7880; 7610; 7753; 7505; 7882; 7897; 7834; 7793; 8015; 7795; 7797; 7984; 7832; 7745; 7873; 2631; 2573; 2668; 2615; 2525; 2594; 2580; 2632; 2584; 2601; 2676; 2545; 2613; 2501; 2651; 2672; 2629; 2638; 2714; 2626; 2631; 2688; 2655; 2591; 2637; 1180,0; 0,0; 818,0; 1000,0; 0,0; 1034,0; 994,0; 982,0; 0,0; 992,0; 997,0; 0,0; 0,0; 1000,0; 999,0; 0,0; 1008,0; 990,0; 0,0; 1002,0; 997,0; 0,0; 997,0; 1002,0; 0,0; 
2700; 8162; 8089; 8132; 8140; 8147; 8007; 8105; 8038; 8119; 7908; 8271; 8265; 7895; 8143; 8100; 8017; 7956; 7980; 7990; 8140; 8016; 8104; 7868; 8017; 8112; 2721; 2734; 2746; 2740; 2720; 2675; 2740; 2722; 2722; 2613; 2807; 2825; 2624; 2734; 2711; 2688; 2669; 2673; 2678; 2737; 2679; 2736; 2619; 2707; 2722; 0,0; 1000,0; 994,0; 1005,0; 0,0; 1183,0; 844,0; 965,0; 1007,0; 0,0; 992,0; 1000,0; 1005,0; 992,0; 0,0; 1000,0; 1191,0; 809,0; 0,0; 1002,0; 997,0; 0,0; 0,0; 1000,0; 990,0; 
2800; 8380; 8384; 8497; 8498; 8421; 8377; 8373; 8340; 8350; 8455; 8381; 8325; 8307; 8358; 8368; 8284; 8409; 8344; 8347; 8288; 8357; 8408; 8372; 8464; 8471; 2817; 2814; 2804; 2837; 2866; 2818; 2827; 2813; 2789; 2819; 2803; 2804; 2776; 2795; 2816; 2799; 2820; 2827; 2810; 2788; 2812; 2819; 2816; 2842; 2813; 1007,0; 992,0; 994,0; 0,0; 0,0; 1002,0; 1003,0; 995,0; 0,0; 999,0; 956,0; 1059,0; 1000,0; 999,0; 0,0; 0,0; 977,0; 1201,0; 799,0; 0,0; 959,0; 0,0; 1069,0; 928,0; 1000,0; 
2900; 8731; 8663; 8576; 8778; 8667; 8761; 8615; 8722; 8670; 8766; 8711; 8678; 8651; 8594; 8622; 8778; 8639; 8654; 8565; 8690; 8665; 8620; 8724; 8662; 8665; 2905; 2920; 2890; 2972; 2914; 2933; 2877; 2902; 2918; 2974; 2910; 2895; 2908; 2890; 2877; 2944; 2903; 2902; 2872; 2920; 2902; 2906; 2913; 2911; 2895; 1057,0; 987,0; 1384,0; 619,0; 994,0; 0,0; 0,0; 999,0; 1000,0; 1005,0; 992,0; 1007,0; 0,0; 0,0; 1000,0; 0,0; 0,0; 997,0; 1000,0; 1000,0; 0,0; 1000,0; 1000,0; 1000,0; 1000,0; 
3000; 8939; 8878; 9021; 9069; 9122; 9105; 9015; 9108; 8891; 9166; 8964; 9174; 8939; 8893; 9026; 8911; 9070; 8987; 8975; 9025; 8920; 8953; 9104; 8865; 8981; 2996; 2955; 3034; 3064; 3081; 3082; 3032; 3080; 2980; 3114; 3005; 3112; 2992; 2972; 3036; 2978; 3055; 3014; 3011; 3041; 2984; 2996; 3071; 2967; 3011; 1013,0; 1170,0; 0,0; 1995,0; 0,0; 0,0; 0,0; 2020,0; 1043,0; 956,0; 1090,0; 0,0; 969,0; 1061,0; 997,0; 999,0; 943,0; 1000,0; 1088,0; 861,0; 953,0; 1969,0; 0,0; 1005,0; 992,0; 
3100; 9428; 8060; 9340; 9340; 9396; 9170; 9109; 9417; 9178; 9382; 9379; 9303; 9239; 9130; 9155; 9406; 9272; 9550; 9284; 9145; 9437; 9083; 9268; 9248; 9169; 3189; 2670; 3141; 3132; 3160; 3069; 3023; 3173; 3066; 3166; 3174; 3124; 3104; 3046; 3050; 3181; 3102; 3252; 3113; 3046; 3199; 3023; 3129; 3089; 3084; 0,0; 999,0; 999,0; 1000,0; 997,0; 0,0; 1090,0; 979,0; 992,0; 1003,0; 1985,0; 1948,0; 1093,0; 939,0; 970,0; 1054,0; 1013,0; 928,0; 1000,0; 0,0; 1025,0; 974,0; 0,0; 933,0; 1007,0; 
3200; 9539; 9589; 9487; 9560; 9709; 9547; 9580; 9413; 9592; 9672; 9641; 9600; 9606; 9473; 9586; 9497; 9531; 9502; 9492; 9555; 9585; 9641; 9603; 9558; 9441; 3230; 3223; 3182; 3188; 3279; 3203; 3267; 3142; 3211; 3240; 3240; 3249; 3204; 3153; 3205; 3174; 3219; 3204; 3198; 3208; 3216; 3252; 3253; 3203; 3193; 970,0; 1023,0; 977,0; 1002,0; 1000,0; 1012,0; 987,0; 1998,0; 0,0; 0,0; 0,0; 0,0; 999,0; 1998,0; 999,0; 0,0; 0,0; 220,0; 0,0; 0,0; 1020,0; 992,0; 995,0; 992,0; 999,0; 
3300; 9836; 9855; 9949; 9924; 9908; 9782; 9972; 9964; 9873; 9867; 9833; 9900; 9236; 9801; 9947; 9827; 9745; 10052; 9872; 9947; 9905; 9888; 9915; 9810; 9879; 3339; 3323; 3329; 3328; 3305; 3275; 3359; 3338; 3309; 3346; 3279; 3358; 3108; 3274; 3365; 3309; 3297; 3375; 3325; 3341; 3336; 3305; 3338; 3286; 3288; 1054,0; 1946,0; 1003,0; 1000,0; 997,0; 1000,0; 1038,0; 1003,0; 997,0; 1010,0; 1008,0; 1974,0; 965,0; 997,0; 1000,0; 1000,0; 1000,0; 1000,0; 1005,0; 1325,0; 732,0; 981,0; 1002,0; 1000,0; 1005,0; 
3400; 10168; 10107; 10196; 10243; 10168; 10090; 10186; 10060; 10076; 10205; 10112; 10196; 10243; 10273; 10075; 10156; 10107; 10143; 10305; 10186; 10224; 10312; 10023; 10144; 10358; 3397; 3383; 3435; 3430; 3425; 3380; 3405; 3380; 3347; 3431; 3373; 3432; 3451; 3476; 3355; 3410; 3362; 3407; 3500; 3426; 3423; 3473; 3305; 3388; 3491; 992,0; 957,0; 990,0; 1000,0; 1000,0; 997,0; 1000,0; 1002,0; 968,0; 995,0; 1008,0; 1088,0; 979,0; 974,0; 1943,0; 1064,0; 948,0; 989,0; 1036,0; 1000,0; 1010,0; 1142,0; 0,0; 1000,0; 999,0; 
3500; 10481; 10454; 10501; 10484; 10421; 10442; 10474; 10544; 10488; 10550; 10447; 10419; 10421; 10464; 10458; 10419; 10494; 10480; 10377; 10568; 10449; 10432; 10454; 10259; 10558; 3497; 3513; 3500; 3476; 3546; 3517; 3510; 3562; 3524; 3519; 3502; 3534; 3504; 3525; 3522; 3485; 3539; 3542; 3480; 3544; 3500; 3513; 3521; 3407; 3561; 989,0; 999,0; 1000,0; 1000,0; 1002,0; 981,0; 997,0; 999,0; 1000,0; 1002,0; 1000,0; 999,0; 981,0; 1000,0; 1000,0; 1000,0; 1000,0; 1000,0; 1005,0; 956,0; 1294,0; 769,0; 992,0; 935,0; 989,0; 
3600; 10684; 10684; 10705; 10774; 10887; 10737; 10113; 10764; 10795; 10821; 10775; 10819; 10813; 10840; 10804; 10940; 10708; 10860; 10831; 10868; 10806; 10616; 10785; 10785; 10779; 3601; 3602; 3602; 3623; 3631; 3567; 3373; 3649; 3625; 3644; 3629; 3621; 3627; 3628; 3612; 3651; 3608; 3630; 3609; 3652; 3606; 3572; 3610; 3589; 3595; 942,0; 2007,0; 3069,0; 2007,0; 1920,0; 2073,0; 1982,0; 1033,0; 907,0; 999,0; 1031,0; 2932,0; 999,0; 2040,0; 957,0; 1000,0; 1000,0; 1005,0; 999,0; 2001,0; 995,0; 1002,0; 997,0; 1000,0; 999,0; 
3700; 10962; 10880; 10906; 10926; 10989; 11009; 11106; 11019; 11009; 11061; 10995; 11124; 11089; 11114; 10879; 10952; 11157; 11035; 11110; 11040; 10927; 11140; 11031; 11097; 11308; 3642; 3626; 3627; 3648; 3675; 3691; 3750; 3685; 3684; 3743; 3691; 3707; 3726; 3719; 3647; 3675; 3731; 3694; 3727; 3684; 3662; 3737; 3708; 3723; 3816; 995,0; 1010,0; 1010,0; 1038,0; 960,0; 1046,0; 1007,0; 989,0; 951,0; 1080,0; 1920,0; 1072,0; 987,0; 952,0; 985,0; 971,0; 997,0; 999,0; 1000,0; 1000,0; 2998,0; 1998,0; 999,0; 1000,0; 2000,0; 
3800; 11333; 11446; 11300; 11306; 11376; 11399; 11450; 11262; 11289; 11263; 11345; 11399; 11371; 11304; 11466; 11451; 11466; 11266; 11375; 11356; 11408; 11267; 11382; 11336; 11301; 3810; 3809; 3774; 3809; 3842; 3802; 3822; 3769; 3832; 3779; 3808; 3824; 3814; 3816; 3821; 3822; 3846; 3772; 3815; 3812; 3809; 3781; 3812; 3797; 3779; 1396,0; 989,0; 995,0; 1998,0; 1000,0; 1000,0; 1002,0; 997,0; 1998,0; 1000,0; 1002,0; 1003,0; 1002,0; 2011,0; 1054,0; 1941,0; 1015,0; 997,0; 1000,0; 1077,0; 925,0; 2324,0; 687,0; 1988,0; 1020,0; 
3900; 11766; 11682; 11700; 11798; 11796; 11595; 11683; 11506; 11716; 11717; 11774; 11487; 11772; 11790; 11760; 11745; 11542; 11877; 11492; 11687; 11621; 11642; 11826; 11706; 11842; 3952; 3907; 3931; 3979; 3952; 3876; 3914; 3853; 3919; 3957; 3938; 3806; 3963; 3983; 3948; 3925; 3825; 3993; 3858; 3907; 3889; 3873; 3984; 3951; 3986; 987,0; 1020,0; 1002,0; 979,0; 997,0; 1000,0; 977,0; 1998,0; 997,0; 2059,0; 968,0; 1958,0; 1021,0; 999,0; 1000,0; 997,0; 1026,0; 2003,0; 507,0; 1988,0; 1000,0; 1984,0; 1038,0; 1962,0; 1000,0; 
4000; 11984; 11808; 12014; 11904; 11940; 11804; 12105; 11943; 11877; 11941; 12137; 11978; 11852; 11904; 11878; 11840; 11865; 12054; 12029; 12013; 12124; 12015; 11972; 12021; 12056; 4026; 3916; 4019; 3997; 3978; 3940; 4040; 4004; 3958; 3974; 4064; 4024; 3946; 3990; 3939; 3980; 3969; 4017; 4066; 4013; 4099; 4045; 4023; 4040; 4033; 1000,0; 1000,0; 1998,0; 1002,0; 2079,0; 966,0; 2955,0; 997,0; 1007,0; 979,0; 1998,0; 1000,0; 2001,0; 999,0; 1998,0; 1061,0; 1971,0; 1971,0; 1079,0; 925,0; 1057,0; 942,0; 1061,0; 987,0; 1466,0; 
4100; 12330; 12161; 12215; 12377; 12298; 12308; 12523; 12405; 12229; 12313; 12253; 12309; 12348; 12166; 12301; 12387; 12049; 12281; 12347; 12109; 12284; 11999; 12259; 12480; 12388; 4126; 4078; 4076; 4172; 4144; 4142; 4237; 4181; 4103; 4127; 4099; 4119; 4137; 4077; 4143; 4163; 4019; 4111; 4140; 4039; 4135; 3967; 4101; 4206; 4179; 1072,0; 943,0; 2014,0; 1943,0; 1028,0; 1968,0; 1191,0; 1809,0; 997,0; 1013,0; 1918,0; 1026,0; 992,0; 1978,0; 1023,0; 1978,0; 997,0; 2053,0; 948,0; 2003,0; 999,0; 1995,0; 999,0; 2052,0; 999,0; 
4200; 12611; 12624; 12184; 12611; 12630; 12431; 12659; 12648; 12533; 12511; 12508; 12764; 12640; 12654; 12621; 12688; 12610; 12653; 12506; 12556; 12528; 12695; 12495; 12613; 12506; 4224; 4213; 4070; 4254; 4218; 4173; 4198; 4216; 4186; 4218; 4223; 4243; 4214; 4219; 4218; 4254; 4226; 4212; 4172; 4218; 4216; 4222; 4234; 4226; 4219; 2334,0; 999,0; 1038,0; 960,0; 2036,0; 1013,0; 968,0; 2010,0; 987,0; 2003,0; 957,0; 2047,0; 997,0; 1000,0; 1998,0; 1000,0; 1994,0; 1010,0; 1951,0; 1075,0; 1000,0; 1003,0; 1028,0; 2007,0; 962,0; 
4300; 12859; 12897; 12924; 13038; 12742; 12797; 12743; 12870; 12764; 12840; 12723; 12800; 12776; 12927; 12991; 13050; 12909; 12902; 12781; 12833; 12845; 12933; 12831; 12831; 12835; 4329; 4295; 4329; 4363; 4252; 4270; 4277; 4334; 4262; 4302; 4263; 4275; 4289; 4300; 4356; 4352; 4330; 4325; 4280; 4301; 4326; 4286; 4275; 4276; 4310; 2043,0; 1003,0; 1994,0; 2001,0; 1005,0; 1992,0; 1005,0; 1994,0; 1003,0; 1005,0; 1991,0; 1007,0; 1948,0; 2001,0; 1056,0; 1941,0; 1000,0; 1000,0; 2000,0; 1002,0; 2049,0; 952,0; 1010,0; 1988,0; 968,0; 
4400; 13005; 13382; 13214; 13195; 13188; 13198; 13424; 13001; 13360; 13244; 13181; 13308; 12970; 13206; 13147; 13145; 13308; 13315; 13214; 13304; 13302; 13247; 13204; 13093; 13020; 4360; 4482; 4415; 4421; 4417; 4439; 4492; 4344; 4461; 4463; 4443; 4463; 4348; 4462; 4393; 4435; 4468; 4479; 4412; 4462; 4415; 4416; 4413; 4400; 4344; 1113,0; 1889,0; 997,0; 952,0; 2049,0; 1948,0; 2001,0; 997,0; 2004,0; 2033,0; 1964,0; 2020,0; 1984,0; 1998,0; 1998,0; 2010,0; 2060,0; 1991,0; 984,0; 1953,0; 2010,0; 1988,0; 2000,0; 2001,0; 1998,0; 
4500; 13502; 13630; 13558; 13554; 13402; 13530; 13413; 13252; 13575; 13333; 13568; 13712; 13483; 13492; 13569; 13571; 13581; 13526; 13352; 13705; 13654; 13389; 13634; 13607; 13660; 4549; 4595; 4558; 4545; 4460; 4549; 4470; 4404; 4546; 4413; 4549; 4623; 4518; 4528; 4555; 4565; 4560; 4536; 4463; 4619; 4615; 4472; 4583; 4570; 4581; 2005,0; 2054,0; 1941,0; 2003,0; 2003,0; 1997,0; 1998,0; 1997,0; 2000,0; 1998,0; 2000,0; 2000,0; 2037,0; 997,0; 995,0; 1000,0; 2000,0; 1998,0; 2001,0; 999,0; 2003,0; 4179,0; 1997,0; 1959,0; 2003,0; 
4600; 13923; 13727; 13731; 13597; 13718; 14070; 13729; 13846; 13798; 13906; 13778; 13831; 13907; 13811; 13783; 13747; 14148; 13687; 13831; 13689; 13834; 13817; 13797; 13791; 13729; 4685; 4588; 4588; 4538; 4592; 4753; 4599; 4657; 4625; 4676; 4618; 4644; 4687; 4630; 4614; 4591; 4802; 4569; 4645; 4567; 4638; 4637; 4624; 4639; 4589; 1995,0; 1998,0; 2017,0; 1984,0; 1954,0; 1910,0; 2004,0; 1998,0; 2000,0; 3010,0; 2050,0; 1936,0; 2005,0; 1958,0; 2004,0; 1998,0; 2000,0; 1998,0; 1043,0; 1955,0; 2079,0; 1918,0; 1038,0; 1997,0; 2053,0; 
4700; 14034; 14119; 13991; 13941; 14111; 14247; 14221; 13949; 14063; 14002; 13970; 13864; 13949; 14072; 14162; 14146; 14068; 13937; 14118; 13948; 14162; 13887; 13873; 14118; 13966; 4700; 4719; 4693; 4661; 4756; 4807; 4773; 4685; 4716; 4708; 4689; 4609; 4667; 4726; 4753; 4728; 4692; 4658; 4723; 4645; 4711; 4619; 4640; 4743; 4650; 1913,0; 1997,0; 1998,0; 2000,0; 2000,0; 999,0; 2001,0; 2020,0; 999,0; 1981,0; 2000,0; 2001,0; 1998,0; 2249,0; 1771,0; 1978,0; 2000,0; 2007,0; 1998,0; 2000,0; 2001,0; 3027,0; 2024,0; 2946,0; 3001,0; 
4800; 14369; 14438; 14387; 14356; 14307; 14439; 14401; 14494; 14454; 14463; 14334; 14509; 14374; 14510; 14398; 14339; 14448; 14448; 14225; 14331; 14280; 14372; 14372; 14467; 14339; 4820; 4811; 4844; 4842; 4800; 4836; 4851; 4822; 4809; 4831; 4796; 4850; 4823; 4845; 4809; 4783; 4839; 4825; 4783; 4781; 4752; 4802; 4806; 4871; 4810; 1998,0; 2124,0; 1876,0; 2010,0; 1990,0; 2001,0; 1988,0; 1994,0; 1998,0; 2001,0; 3494,0; 997,0; 1998,0; 2021,0; 2978,0; 1881,0; 1992,0; 3001,0; 1991,0; 2000,0; 2017,0; 1998,0; 2001,0; 1998,0; 3024,0; 
4900; 14742; 14737; 14565; 14635; 14580; 14707; 14739; 14437; 14679; 14643; 14663; 14632; 14638; 14607; 14646; 14644; 14691; 14820; 14541; 14788; 14638; 14545; 14348; 14639; 14732; 4937; 4981; 4863; 4885; 4872; 4918; 4902; 4782; 4913; 4895; 4931; 4867; 4923; 4885; 4934; 4881; 4885; 5033; 4877; 4954; 4890; 4832; 4799; 4916; 4937; 3024,0; 3017,0; 2984,0; 3030,0; 2004,0; 2998,0; 1987,0; 2998,0; 1998,0; 1998,0; 2001,0; 2001,0; 2000,0; 1876,0; 2014,0; 2004,0; 1995,0; 1982,0; 2000,0; 2001,0; 1998,0; 2000,0; 2001,0; 1998,0; 2000,0; 
5000; 14784; 14799; 14936; 14868; 15076; 14943; 15052; 15079; 15044; 14979; 15045; 15348; 15004; 15043; 14892; 14905; 15171; 15046; 15140; 15096; 15001; 15121; 15094; 14955; 14976; 4927; 4934; 4987; 4951; 5060; 5004; 5027; 5072; 5060; 5003; 5034; 5208; 5025; 5055; 4980; 4982; 5105; 5066; 5083; 5065; 5031; 5116; 5075; 5016; 5009; 2000,0; 2000,0; 2000,0; 1000,0; 2000,0; 2001,0; 1998,0; 2003,0; 2000,0; 1998,0; 2005,0; 1998,0; 2001,0; 1998,0; 2001,0; 3027,0; 1971,0; 1002,0; 1000,0; 2003,0; 1997,0; 2001,0; 1998,0; 1984,0; 2014,0; 
5100; 14798; 15294; 15173; 15154; 15379; 15278; 15147; 15217; 15235; 15240; 15127; 15167; 15202; 15089; 15248; 15187; 15291; 15218; 15221; 15145; 15321; 15209; 15391; 15168; 15254; 4906; 5119; 5069; 5062; 5143; 5151; 5041; 5087; 5105; 5085; 5062; 5104; 5102; 5032; 5054; 5056; 5104; 5109; 5129; 5129; 5140; 5114; 5149; 5054; 5151; 2001,0; 1998,0; 2003,0; 1971,0; 3034,0; 2962,0; 2000,0; 2088,0; 1910,0; 2000,0; 2004,0; 1000,0; 1093,0; 1998,0; 2000,0; 3000,0; 3001,0; 2997,0; 2004,0; 1003,0; 1041,0; 1994,0; 1948,0; 2997,0; 2096,0; 
5200; 15438; 15563; 15497; 15426; 15483; 15641; 15598; 15650; 15447; 15577; 15538; 15562; 15566; 15481; 15572; 15651; 15588; 15592; 15496; 15653; 15569; 15524; 15429; 15530; 15622; 5196; 5182; 5200; 5147; 5199; 5230; 5244; 5249; 5210; 5232; 5192; 5222; 5216; 5175; 5239; 5242; 5215; 5234; 5213; 5229; 5201; 5177; 5166; 5224; 5237; 1968,0; 1998,0; 2001,0; 2011,0; 2990,0; 3003,0; 1998,0; 2995,0; 2001,0; 1998,0; 1984,0; 2005,0; 2040,0; 2001,0; 1998,0; 2008,0; 1998,0; 1998,0; 1981,0; 3023,0; 1954,0; 3001,0; 3027,0; 2014,0; 3321,0; 
5300; 15892; 16025; 15964; 15939; 15935; 15899; 15677; 15803; 15842; 15888; 15915; 15748; 15772; 16084; 15832; 15711; 15730; 15662; 15825; 15834; 16026; 15861; 15825; 15656; 16071; 5307; 5382; 5342; 5351; 5340; 5307; 5195; 5260; 5306; 5335; 5340; 5265; 5256; 5421; 5298; 5258; 5245; 5203; 5286; 5285; 5396; 5275; 5301; 5190; 5412; 2001,0; 2997,0; 4073,0; 2988,0; 2935,0; 2000,0; 2056,0; 2001,0; 2000,0; 1998,0; 3000,0; 2000,0; 2000,0; 2001,0; 3000,0; 2001,0; 2004,0; 1998,0; 2995,0; 3033,0; 3036,0; 3142,0; 2000,0; 2000,0; 2000,0; 
5400; 16148; 16229; 16177; 16308; 16071; 16398; 16113; 16129; 16161; 16326; 15903; 16025; 16222; 16160; 16178; 16108; 16396; 15908; 16385; 16134; 16255; 16029; 16270; 16180; 16504; 5390; 5455; 5422; 5476; 5384; 5514; 5404; 5381; 5396; 5478; 5266; 5342; 5441; 5396; 5390; 5369; 5509; 5282; 5532; 5415; 5454; 5357; 5471; 5451; 5572; 2005,0; 2993,0; 2000,0; 2000,0; 2001,0; 1998,0; 3000,0; 2001,0; 1998,0; 1998,0; 2000,0; 2001,0; 2000,0; 2000,0; 2000,0; 2000,0; 2000,0; 2076,0; 1922,0; 3054,0; 1995,0; 2948,0; 2062,0; 2998,0; 2007,0; 
5500; 16497; 16568; 16497; 16332; 16517; 16552; 16398; 16303; 16471; 16619; 16464; 16438; 16339; 16361; 16485; 16429; 16529; 16554; 16601; 16443; 16439; 16464; 16399; 16500; 16494; 5512; 5520; 5511; 5452; 5497; 5503; 5502; 5508; 5517; 5517; 5500; 5525; 5461; 5508; 5518; 5519; 5520; 5538; 5560; 5515; 5539; 5514; 5530; 5527; 5521; 2014,0; 2925,0; 2060,0; 2939,0; 2099,0; 2013,0; 3044,0; 1995,0; 2004,0; 1994,0; 2997,0; 2000,0; 3001,0; 1955,0; 3046,0; 1994,0; 3007,0; 1994,0; 2998,0; 2000,0; 2997,0; 2001,0; 3031,0; 3171,0; 1796,0; 
5600; 16792; 16618; 16750; 16903; 16848; 16895; 16682; 17005; 16950; 16791; 16836; 16774; 16859; 16904; 16870; 16941; 16835; 16597; 16883; 16604; 16826; 16553; 16738; 16899; 16771; 5629; 5531; 5605; 5690; 5635; 5651; 5587; 5733; 5681; 5627; 5620; 5593; 5638; 5670; 5655; 5695; 5633; 5552; 5684; 5547; 5642; 5504; 5554; 5667; 5631; 1998,0; 1998,0; 2288,0; 2020,0; 2978,0; 3057,0; 2007,0; 3004,0; 2939,0; 2000,0; 1998,0; 2047,0; 3017,0; 2328,0; 3043,0; 2001,0; 2951,0; 2528,0; 2007,0; 2994,0; 2000,0; 2155,0; 2003,0; 1954,0; 2005,0; 
5700; 17177; 17128; 16995; 17001; 17104; 16845; 17100; 17121; 17063; 16982; 17207; 17035; 17112; 17150; 17018; 17113; 17093; 17087; 17190; 17086; 17111; 17003; 17013; 17105; 16952; 5742; 5706; 5656; 5692; 5719; 5651; 5718; 5745; 5763; 5706; 5709; 5708; 5711; 5713; 5695; 5707; 5724; 5712; 5757; 5712; 5713; 5697; 5696; 5756; 5701; 2995,0; 2018,0; 1985,0; 3021,0; 1936,0; 3057,0; 1997,0; 3001,0; 1984,0; 1990,0; 3001,0; 2000,0; 2005,0; 2001,0; 1988,0; 3001,0; 1997,0; 3003,0; 1994,0; 3014,0; 2053,0; 1988,0; 2997,0; 2116,0; 2952,0; 
5800; 17286; 17273; 17474; 17326; 17203; 17260; 17215; 17394; 17525; 17400; 17467; 17229; 17452; 17260; 17604; 17490; 17577; 17224; 17563; 17211; 17316; 17464; 17330; 17221; 17440; 5758; 5773; 5855; 5785; 5727; 5764; 5744; 5819; 5895; 5846; 5845; 5744; 5859; 5754; 5928; 5878; 5937; 5730; 5894; 5786; 5795; 5848; 5817; 5732; 5839; 1998,0; 2003,0; 3044,0; 2000,0; 3004,0; 3056,0; 2181,0; 2991,0; 2000,0; 2173,0; 2657,0; 2955,0; 2044,0; 2056,0; 2997,0; 3001,0; 2001,0; 2052,0; 3043,0; 1994,0; 3014,0; 3101,0; 2026,0; 2984,0; 3043,0; 
5900; 17600; 17804; 17610; 17681; 17673; 17507; 17606; 17580; 17574; 17666; 17525; 17594; 17768; 17659; 17699; 17685; 17661; 17630; 17664; 17788; 17623; 17569; 17871; 17877; 17663; 5858; 5984; 5891; 5906; 5918; 5838; 5901; 5874; 5867; 5907; 5849; 5874; 5949; 5876; 5931; 5925; 5921; 5891; 5920; 5961; 5873; 5867; 6006; 5994; 5904; 1998,0; 1998,0; 2997,0; 3060,0; 1990,0; 3000,0; 3001,0; 2043,0; 3010,0; 2990,0; 2003,0; 2064,0; 2993,0; 2985,0; 2173,0; 2893,0; 2951,0; 2047,0; 2167,0; 3013,0; 1998,0; 2060,0; 3007,0; 2990,0; 2004,0; 
6000; 18091; 18141; 18006; 17806; 18162; 18035; 17968; 17870; 18174; 17968; 17846; 18014; 18116; 18044; 18107; 18109; 17864; 18124; 17981; 17941; 17937; 17946; 17797; 17901; 17966; 6072; 6106; 6033; 5927; 6112; 6032; 6004; 5968; 6101; 6004; 5971; 6014; 6073; 6037; 6079; 6083; 5972; 6095; 6024; 6000; 5989; 6019; 5923; 5972; 6000; 2312,0; 2997,0; 2993,0; 3008,0; 2040,0; 3021,0; 2994,0; 3001,0; 1998,0; 3944,0; 3665,0; 3998,0; 2946,0; 3003,0; 3000,0; 3017,0; 3005,0; 3001,0; 2997,0; 3027,0; 2995,0; 2001,0; 2011,0; 2998,0; 3000,0; 
6100; 18231; 18353; 18119; 18023; 18303; 18396; 18396; 18231; 18423; 18154; 18190; 18380; 18221; 18441; 18371; 18189; 18389; 18487; 18237; 18397; 18374; 18284; 18167; 18208; 18155; 6100; 6168; 6052; 6007; 6150; 6180; 6144; 6084; 6194; 6064; 6069; 6158; 6082; 6196; 6164; 6094; 6176; 6209; 6083; 6174; 6158; 6135; 6083; 6096; 6072; 3000,0; 3023,0; 2997,0; 2000,0; 2631,0; 1925,0; 3000,0; 3001,0; 3010,0; 3003,0; 2997,0; 3011,0; 3010,0; 2998,0; 3108,0; 3990,0; 3000,0; 3000,0; 3004,0; 1995,0; 2000,0; 3000,0; 3000,0; 3000,0; 3098,0; 
6200; 18625; 18503; 18582; 18544; 18584; 18523; 18606; 18447; 18634; 18511; 18628; 18628; 18701; 18396; 18570; 18639; 18632; 18682; 18722; 18565; 18383; 18517; 18629; 18586; 18498; 6215; 6197; 6229; 6185; 6193; 6217; 6231; 6220; 6192; 6210; 6235; 6202; 6253; 6192; 6198; 6209; 6222; 6237; 6243; 6197; 6203; 6210; 6216; 6191; 6186; 2902,0; 3000,0; 3000,0; 3000,0; 3000,0; 2001,0; 3001,0; 3039,0; 2961,0; 3076,0; 2980,0; 3942,0; 3001,0; 3000,0; 4002,0; 2994,0; 3001,0; 2997,0; 3108,0; 2890,0; 3010,0; 3001,0; 2997,0; 3001,0; 3000,0; 
6300; 18760; 18899; 18923; 18885; 18931; 18975; 18819; 18836; 18784; 18860; 18972; 18879; 18848; 18901; 18945; 18594; 18966; 18913; 18934; 18823; 18803; 18881; 18837; 18887; 18917; 6323; 6328; 6349; 6310; 6350; 6315; 6276; 6294; 6272; 6317; 6368; 6331; 6301; 6320; 6373; 6207; 6325; 6315; 6348; 6306; 6285; 6299; 6315; 6291; 6308; 1972,0; 3007,0; 2932,0; 3000,0; 3060,0; 3000,0; 3000,0; 3007,0; 2993,0; 2005,0; 4985,0; 3958,0; 2945,0; 3001,0; 2955,0; 2997,0; 3043,0; 2995,0; 3001,0; 3001,0; 4050,0; 2949,0; 2997,0; 4000,0; 3043,0; 
6400; 19097; 19198; 19190; 19003; 19305; 19181; 19158; 19132; 19131; 19082; 19470; 19098; 19294; 19056; 19087; 19212; 19265; 19313; 19447; 19173; 19382; 18804; 19301; 19327; 18873; 6378; 6414; 6411; 6348; 6473; 6416; 6436; 6402; 6404; 6325; 6554; 6385; 6444; 6350; 6401; 6444; 6461; 6482; 6543; 6439; 6516; 6274; 6477; 6491; 6300; 4004,0; 2952,0; 3041,0; 3001,0; 2998,0; 3954,0; 3000,0; 4001,0; 4003,0; 2995,0; 2998,0; 3000,0; 4001,0; 3033,0; 2965,0; 3000,0; 4036,0; 2965,0; 3998,0; 3003,0; 1998,0; 4044,0; 2952,0; 2998,0; 3000,0; 
6500; 19298; 19327; 19383; 19504; 19541; 19301; 19383; 19577; 19505; 19562; 19220; 19579; 19426; 19533; 19739; 19551; 19554; 19665; 19528; 19421; 19325; 19675; 19425; 19497; 19223; 6422; 6440; 6470; 6527; 6549; 6419; 6466; 6558; 6527; 6562; 6383; 6563; 6499; 6534; 6646; 6557; 6548; 6609; 6546; 6489; 6437; 6613; 6498; 6529; 6391; 2998,0; 1966,0; 3167,0; 2833,0; 3000,0; 3000,0; 2997,0; 3013,0; 4157,0; 2831,0; 4007,0; 3994,0; 2998,0; 3000,0; 2945,0; 2997,0; 2988,0; 3024,0; 2991,0; 4342,0; 4035,0; 2867,0; 4003,0; 3033,0; 3001,0; 
6600; 19773; 19728; 19932; 19703; 19855; 19629; 19755; 19732; 19668; 19990; 17433; 19747; 19531; 19736; 19662; 19589; 19734; 19789; 19779; 19683; 19740; 19811; 19813; 19822; 19805; 6576; 6591; 6684; 6584; 6676; 6573; 6620; 6610; 6553; 6721; 5814; 6621; 6547; 6596; 6589; 6531; 6623; 6640; 6607; 6534; 6607; 6681; 6628; 6623; 6619; 3059,0; 3000,0; 3299,0; 3054,0; 3004,0; 2997,0; 2995,0; 2997,0; 3014,0; 3052,0; 2990,0; 3201,0; 3046,0; 2984,0; 3003,0; 3004,0; 3036,0; 3151,0; 3017,0; 2987,0; 2948,0; 3073,0; 3928,0; 2997,0; 2998,0; 
6700; 20114; 20257; 20082; 20236; 20208; 20085; 20154; 20178; 20148; 20086; 19958; 20103; 20081; 20080; 19998; 20241; 20025; 20067; 20167; 20032; 20062; 20079; 19825; 20035; 20274; 6693; 6761; 6738; 6776; 6768; 6689; 6715; 6713; 6719; 6717; 6648; 6744; 6702; 6733; 6653; 6774; 6643; 6710; 6742; 6737; 6736; 6756; 6616; 6704; 6790; 3053,0; 3144,0; 2968,0; 2997,0; 4056,0; 2998,0; 3017,0; 3053,0; 2988,0; 3001,0; 3004,0; 2958,0; 3053,0; 3936,0; 3059,0; 3982,0; 3001,0; 3004,0; 3237,0; 2743,0; 2997,0; 3374,0; 2994,0; 4020,0; 3067,0; 
6800; 20251; 20327; 20498; 20278; 20534; 20662; 20116; 20419; 20261; 20178; 20011; 20305; 20234; 20392; 20511; 20577; 20429; 20222; 20234; 20198; 20377; 20278; 20065; 20327; 20548; 6762; 6812; 6892; 6764; 6889; 6895; 6716; 6791; 6758; 6698; 6636; 6777; 6727; 6849; 6848; 6848; 6842; 6742; 6783; 6745; 6838; 6802; 6714; 6811; 6897; 2997,0; 3016,0; 4309,0; 2933,0; 2997,0; 5062,0; 3020,0; 3010,0; 3000,0; 4231,0; 4002,0; 3010,0; 3062,0; 4003,0; 3998,0; 3001,0; 2997,0; 3003,0; 2975,0; 3994,0; 3011,0; 3943,0; 4065,0; 2985,0; 4009,0; 
6900; 20923; 20599; 20522; 20717; 20754; 20608; 20787; 20678; 20692; 20631; 20528; 20631; 20734; 20722; 20689; 20726; 20613; 20764; 20639; 20845; 20295; 20551; 20616; 20687; 20616; 6974; 6841; 6888; 6901; 6940; 6915; 6918; 6916; 6940; 6916; 6904; 6926; 6957; 6951; 6935; 6942; 6894; 6990; 6918; 6980; 6833; 6891; 6855; 6936; 6883; 4002,0; 3981,0; 4002,0; 3001,0; 3046,0; 3936,0; 4041,0; 4002,0; 3997,0; 4000,0; 4000,0; 3021,0; 3004,0; 4001,0; 3956,0; 4000,0; 3000,0; 3001,0; 4002,0; 3996,0; 4000,0; 4002,0; 4002,0; 3017,0; 2998,0; 
7000; 21044; 20883; 20886; 21103; 20998; 20892; 21018; 20916; 20919; 21092; 21135; 20914; 21264; 20837; 21096; 21124; 20958; 21019; 21129; 21074; 21155; 21026; 21078; 20906; 21006; 7062; 6981; 6999; 7081; 6974; 6950; 7050; 6986; 6961; 7062; 7080; 6973; 7174; 6943; 7064; 7039; 6997; 7072; 7080; 7110; 7086; 7049; 7122; 6954; 7043; 3967,0; 3977,0; 4027,0; 3069,0; 3930,0; 4264,0; 4057,0; 4000,0; 4006,0; 3990,0; 4934,0; 4015,0; 3994,0; 2997,0; 2997,0; 3004,0; 4015,0; 3397,0; 2991,0; 3302,0; 4009,0; 3008,0; 4050,0; 4002,0; 3472,0; 
7100; 21499; 21287; 21378; 21280; 21231; 21206; 21217; 21296; 21317; 21265; 21318; 21194; 21138; 21310; 21187; 21300; 21204; 21141; 21348; 21184; 21396; 21235; 21094; 21331; 21284; 7163; 7092; 7180; 7107; 7107; 7087; 7125; 7153; 7114; 7092; 7125; 7107; 7100; 7166; 7091; 7137; 7108; 7078; 7138; 7076; 7138; 7101; 7085; 7120; 7063; 2958,0; 3001,0; 3983,0; 4048,0; 3782,0; 3996,0; 3996,0; 4484,0; 3991,0; 4061,0; 4004,0; 4009,0; 3053,0; 3996,0; 3239,0; 4009,0; 3993,0; 3976,0; 4004,0; 4007,0; 4001,0; 4199,0; 4043,0; 3998,0; 3913,0; 
7200; 21804; 21559; 21484; 21572; 21420; 21684; 21490; 21424; 21636; 21502; 21767; 21407; 21664; 21558; 21508; 21599; 21564; 21751; 21591; 21562; 21630; 21419; 21561; 21421; 21785; 7259; 7214; 7171; 7217; 7181; 7255; 7208; 7183; 7218; 7216; 7289; 7174; 7196; 7248; 7190; 7207; 7251; 7235; 7200; 7193; 7206; 7137; 7179; 7186; 7309; 4002,0; 3930,0; 3996,0; 4099,0; 3056,0; 3991,0; 4055,0; 3997,0; 3720,0; 3148,0; 2926,0; 4102,0; 3896,0; 4000,0; 4001,0; 3998,0; 5055,0; 3993,0; 4001,0; 3998,0; 3954,0; 3997,0; 3998,0; 4044,0; 3993,0; 
7300; 22250; 21679; 22092; 21823; 21849; 21959; 21843; 22000; 21854; 21986; 21726; 21908; 21969; 21516; 22094; 21988; 21954; 21218; 21969; 21733; 21663; 22036; 21907; 22185; 21968; 7491; 7221; 7421; 7296; 7284; 7345; 7297; 7376; 7322; 7358; 7247; 7305; 7343; 7132; 7441; 7339; 7348; 7077; 7348; 7248; 7206; 7378; 7319; 7469; 7356; 4009,0; 3998,0; 4958,0; 5043,0; 3998,0; 3996,0; 8956,0; 7000,0; 16000,0; 9003,0; 8038,0; 6003,0; 3952,0; 4000,0; 4000,0; 4120,0; 3936,0; 4004,0; 4003,0; 3043,0; 2956,0; 4000,0; 4000,0; 4000,0; 4000,0; 
7400; 22175; 22292; 22125; 22139; 22204; 22242; 22251; 22155; 22020; 22229; 22237; 22153; 22298; 22157; 22147; 21900; 22224; 22199; 22314; 22412; 22021; 22193; 22186; 22328; 22336; 7420; 7415; 7432; 7401; 7415; 7397; 7407; 7415; 7397; 7458; 7435; 7443; 7423; 7413; 7431; 7380; 7429; 7432; 7434; 7415; 7385; 7428; 7411; 7433; 7449; 4001,0; 4000,0; 4000,0; 4001,0; 4001,0; 3998,0; 5003,0; 4995,0; 4031,0; 3969,0; 4000,0; 3998,0; 4000,0; 3001,0; 3998,0; 4000,0; 4001,0; 4000,0; 3997,0; 4000,0; 3000,0; 3965,0; 3997,0; 4000,0; 4000,0; 
7500; 22620; 22736; 22595; 22440; 22430; 22604; 22557; 22519; 22204; 22413; 22479; 22548; 22419; 22504; 22394; 22549; 22429; 22596; 22467; 22629; 22508; 22390; 22642; 22535; 21078; 7532; 7575; 7539; 7546; 7509; 7536; 7492; 7532; 7511; 7495; 7504; 7491; 7517; 7529; 7514; 7558; 7513; 7523; 7503; 7570; 7535; 7506; 7500; 7540; 7030; 4002,0; 3995,0; 4281,0; 4015,0; 4000,0; 3984,0; 4001,0; 3998,0; 4013,0; 3983,0; 3998,0; 4040,0; 4040,0; 3963,0; 4003,0; 3946,0; 5059,0; 4998,0; 4002,0; 5024,0; 3977,0; 4934,0; 4002,0; 4001,0; 4407,0; 
7600; 22764; 22719; 22843; 22781; 23225; 22979; 22778; 22868; 22918; 22648; 22861; 23025; 22700; 22703; 22952; 22858; 22771; 22987; 22813; 22800; 22828; 22924; 23002; 22927; 22649; 7624; 7561; 7662; 7664; 7783; 7663; 7624; 7627; 7701; 7539; 7670; 7708; 7593; 7602; 7705; 7639; 7616; 7666; 7592; 7586; 7624; 7656; 7666; 7668; 7532; 4002,0; 4995,0; 5002,0; 4002,0; 4630,0; 4951,0; 3543,0; 3997,0; 3984,0; 4073,0; 3996,0; 3983,0; 4994,0; 4008,0; 3990,0; 3957,0; 3997,0; 4003,0; 3998,0; 3994,0; 3996,0; 4061,0; 4002,0; 4243,0; 3003,0; 
7700; 23152; 23080; 22836; 23303; 22812; 22793; 23057; 23003; 22780; 23171; 22986; 23265; 22967; 23034; 22859; 22919; 23103; 23218; 23179; 22816; 23322; 23196; 23029; 23266; 23114; 7727; 7704; 7642; 7755; 7626; 7643; 7756; 7686; 7638; 7727; 7707; 7799; 7643; 7708; 7650; 7670; 7741; 7775; 7721; 7589; 7819; 7755; 7719; 7748; 7730; 3998,0; 3957,0; 4052,0; 3294,0; 3994,0; 4584,0; 3998,0; 4289,0; 3997,0; 4204,0; 4976,0; 4089,0; 5015,0; 5049,0; 4001,0; 4595,0; 3710,0; 4000,0; 4376,0; 4996,0; 5001,0; 4006,0; 4069,0; 4997,0; 4054,0; 
7800; 23383; 23545; 23325; 23287; 23544; 23388; 23464; 23376; 23536; 23222; 23253; 23454; 23460; 23384; 23225; 23220; 23420; 23167; 23504; 23370; 23729; 23276; 23512; 23279; 23352; 7829; 7886; 7785; 7793; 7919; 7798; 7865; 7811; 7888; 7734; 7768; 7832; 7865; 7821; 7732; 7726; 7822; 7710; 7878; 7807; 7997; 7755; 7864; 7765; 7811; 3998,0; 5017,0; 4996,0; 4000,0; 4035,0; 4104,0; 4068,0; 4078,0; 3964,0; 4173,0; 4092,0; 4006,0; 4852,0; 4995,0; 4066,0; 4964,0; 3923,0; 4001,0; 5307,0; 4997,0; 4062,0; 5001,0; 4021,0; 5000,0; 4072,0; 
7900; 23614; 23662; 23722; 23780; 23695; 23636; 23583; 23686; 23883; 23851; 23362; 23661; 23613; 23611; 23883; 23472; 23859; 23795; 23638; 23846; 23861; 23743; 24003; 23734; 23770; 7858; 7892; 7970; 7965; 7887; 7893; 7884; 7925; 8001; 7989; 7772; 7947; 7889; 7904; 8055; 7829; 8036; 7979; 7903; 7996; 7997; 7950; 8084; 7901; 7993; 4042,0; 4995,0; 5083,0; 3981,0; 4237,0; 5002,0; 5113,0; 3998,0; 5059,0; 5002,0; 4068,0; 5041,0; 5328,0; 4002,0; 3994,0; 4998,0; 5409,0; 4006,0; 5054,0; 5002,0; 5045,0; 4031,0; 6963,0; 5039,0; 5037,0; 
8000; 24116; 24143; 23813; 24124; 23911; 24201; 23975; 23784; 23930; 23849; 24066; 23926; 24066; 23826; 24016; 24009; 24050; 23936; 23896; 23907; 24015; 23937; 23950; 23899; 24107; 8101; 8087; 7911; 8098; 8010; 8100; 8054; 7914; 8029; 8001; 8093; 7982; 8081; 7948; 8038; 8046; 8058; 7963; 7968; 8009; 8026; 8018; 7997; 7941; 8120; 4925,0; 6975,0; 5303,0; 3998,0; 6002,0; 5034,0; 4963,0; 5020,0; 6000,0; 4997,0; 4997,0; 6011,0; 4989,0; 5000,0; 7008,0; 5037,0; 5983,0; 4976,0; 5042,0; 4962,0; 5078,0; 4922,0; 5000,0; 4998,0; 7007,0; 
8100; 24414; 24369; 24305; 24113; 24473; 24301; 24161; 24462; 24260; 24063; 24418; 24229; 24034; 24334; 24461; 24130; 24284; 24058; 24113; 24181; 24223; 23944; 24261; 24512; 24317; 8174; 8182; 8170; 8060; 8188; 8131; 8056; 8200; 8109; 8011; 8142; 8115; 8022; 8143; 8211; 8046; 8152; 7993; 8058; 8069; 8119; 7981; 8114; 8188; 8154; 6052,0; 4981,0; 4968,0; 4015,0; 4937,0; 5002,0; 5063,0; 4938,0; 6975,0; 6994,0; 4987,0; 6003,0; 5027,0; 4972,0; 4039,0; 4961,0; 4994,0; 6113,0; 5010,0; 4989,0; 6003,0; 3996,0; 6039,0; 7054,0; 5956,0; 
8200; 24492; 24472; 24558; 24664; 24643; 24759; 24426; 24521; 24549; 24631; 24480; 24595; 24482; 24579; 24214; 24768; 24505; 24621; 24559; 24739; 24541; 24660; 24539; 24668; 24516; 8180; 8153; 8234; 8279; 8227; 8303; 8118; 8197; 8240; 8229; 8175; 8192; 8172; 8171; 8000; 8267; 8168; 8236; 8243; 8266; 8177; 8265; 8182; 8232; 8188; 4003,0; 4964,0; 5962,0; 5001,0; 4991,0; 6008,0; 6999,0; 5001,0; 6000,0; 6004,0; 5995,0; 7003,0; 4996,0; 7003,0; 5000,0; 5987,0; 7041,0; 5001,0; 5956,0; 5003,0; 4996,0; 5000,0; 7000,0; 7002,0; 4997,0; 
8300; 25044; 24943; 24832; 24909; 24847; 24909; 24943; 24907; 24824; 24644; 24695; 24653; 24837; 24775; 24739; 24888; 24751; 24939; 24833; 24700; 25214; 24827; 24968; 24917; 24948; 8369; 8365; 8305; 8296; 8304; 8360; 8344; 8346; 8319; 8244; 8236; 8247; 8309; 8291; 8245; 8280; 8289; 8379; 8337; 8218; 8430; 8326; 8323; 8362; 8353; 5035,0; 5964,0; 6551,0; 4995,0; 6002,0; 5001,0; 3963,0; 5079,0; 4934,0; 4985,0; 6002,0; 4995,0; 5059,0; 4935,0; 6013,0; 7034,0; 5065,0; 4952,0; 5061,0; 4941,0; 4996,0; 5046,0; 5947,0; 4998,0; 5057,0; 
8400; 25023; 25282; 25362; 25302; 25317; 25291; 25110; 25150; 25245; 25419; 25132; 25056; 25388; 25067; 25117; 25208; 25222; 18907; 25524; 24983; 25102; 25260; 25245; 25141; 24948; 8367; 8431; 8489; 8460; 8510; 8426; 8384; 8409; 8376; 8474; 8431; 8317; 8470; 8372; 8355; 8447; 8469; 6319; 8510; 8317; 8441; 8457; 8427; 8418; 8327; 5942,0; 4995,0; 6021,0; 4976,0; 5107,0; 6904,0; 7046,0; 5930,0; 5063,0; 5941,0; 6999,0; 4998,0; 4997,0; 4988,0; 5022,0; 5111,0; 4936,0; 5013,0; 6002,0; 4886,0; 5006,0; 5037,0; 4944,0; 4987,0; 5004,0; 
8500; 25708; 25578; 25216; 24759; 25286; 24684; 25389; 25278; 25325; 25545; 25404; 25416; 25635; 25373; 25440; 25330; 25602; 25197; 25405; 25321; 25494; 25298; 25386; 25433; 25351; 8583; 8556; 8398; 8278; 8499; 8249; 8533; 8491; 8506; 8537; 8477; 8497; 8565; 8507; 8510; 8452; 8541; 8407; 8493; 8495; 8568; 8392; 8476; 8540; 8504; 7035,0; 4963,0; 5138,0; 4943,0; 4961,0; 5074,0; 5000,0; 6000,0; 6001,0; 4990,0; 6001,0; 5008,0; 6061,0; 6984,0; 5011,0; 5046,0; 7900,0; 6036,0; 6008,0; 5976,0; 10000,0; 5936,0; 6002,0; 6010,0; 7960,0; 
8600; 25820; 25821; 26077; 25834; 25761; 25840; 25486; 25688; 25781; 25878; 25621; 25646; 25760; 25927; 25960; 25940; 25853; 25685; 25867; 25693; 25787; 25779; 25710; 25757; 25726; 8620; 8674; 8693; 8619; 8579; 8639; 8524; 8571; 8628; 8661; 8545; 8533; 8625; 8651; 8646; 8734; 8625; 8569; 8619; 8547; 8623; 8622; 8606; 8591; 8655; 8033,0; 4993,0; 5061,0; 6995,0; 5056,0; 7943,0; 6993,0; 4998,0; 7003,0; 4996,0; 6009,0; 8007,0; 6976,0; 5957,0; 7002,0; 7009,0; 5984,0; 5997,0; 7002,0; 5002,0; 5886,0; 6999,0; 7000,0; 6995,0; 4998,0; 
8700; 26048; 26136; 26034; 26114; 26172; 26160; 26058; 25971; 26092; 25935; 26196; 26151; 26249; 26013; 26009; 26064; 26121; 26130; 26265; 26081; 26195; 26066; 26286; 25962; 26024; 8711; 8765; 8698; 8699; 8668; 8709; 8702; 8682; 8721; 8686; 8724; 8700; 8727; 8672; 8719; 8685; 8705; 8727; 8753; 8721; 8732; 8692; 8757; 8711; 8720; 7030,0; 5466,0; 6022,0; 6982,0; 6049,0; 5988,0; 6991,0; 5002,0; 7073,0; 10035,0; 8937,0; 7000,0; 7012,0; 5988,0; 6102,0; 6936,0; 8103,0; 7903,0; 6001,0; 6061,0; 6053,0; 7913,0; 5967,0; 5998,0; 6008,0; 
8800; 26237; 26414; 26302; 26337; 26284; 26290; 26248; 26431; 26294; 26375; 26335; 26316; 26140; 26355; 26380; 26342; 26535; 26437; 26374; 26345; 26410; 26382; 26422; 26307; 26396; 8835; 8840; 8808; 8822; 8815; 8811; 8830; 8833; 8829; 8808; 8785; 8816; 8743; 8779; 8790; 8792; 8824; 8829; 8825; 8808; 8815; 8805; 8806; 8793; 8830; 5981,0; 6000,0; 7002,0; 6047,0; 5951,0; 7998,0; 5998,0; 7010,0; 5994,0; 4958,0; 5994,0; 6997,0; 8002,0; 6995,0; 6988,0; 6001,0; 7032,0; 8000,0; 5980,0; 6989,0; 5996,0; 8030,0; 5918,0; 4997,0; 7001,0; 
8900; 26639; 26708; 26576; 26704; 26722; 26590; 26803; 26652; 26912; 26683; 26546; 26679; 26669; 26559; 26785; 26563; 26871; 26779; 26584; 26574; 26968; 26558; 26695; 26823; 26710; 8907; 8917; 8867; 8972; 8926; 8860; 8906; 8899; 9026; 8948; 8859; 8919; 8978; 8897; 8982; 8863; 9013; 8991; 8877; 8887; 9023; 8887; 8958; 9022; 8926; 6989,0; 6980,0; 6999,0; 8106,0; 5905,0; 6976,0; 5995,0; 6019,0; 7976,0; 6997,0; 9017,0; 6041,0; 6943,0; 6002,0; 7008,0; 7012,0; 5911,0; 7006,0; 7019,0; 6973,0; 7022,0; 6990,0; 5986,0; 5994,0; 7010,0; 
9000; 26814; 26821; 27088; 27018; 26862; 26864; 26930; 26989; 27052; 26906; 27044; 27418; 27035; 26927; 26720; 27008; 27026; 27209; 26839; 26916; 26952; 26710; 26961; 27224; 27097; 8921; 8948; 9066; 9031; 8951; 8961; 8968; 9013; 9025; 8996; 9064; 9226; 9038; 8999; 8885; 9042; 9030; 9137; 8940; 9000; 8992; 8928; 8995; 9130; 9084; 6975,0; 7000,0; 6000,0; 5963,0; 5986,0; 6020,0; 5978,0; 5004,0; 4982,0; 5997,0; 5982,0; 6056,0; 5995,0; 7193,0; 5746,0; 4990,0; 6041,0; 6951,0; 6063,0; 5934,0; 6000,0; 6015,0; 5989,0; 6042,0; 6001,0; 
9100; 27664; 27299; 27548; 27037; 27796; 26989; 27343; 27096; 27474; 27291; 27142; 27579; 27091; 27236; 27182; 27254; 27283; 27033; 27218; 27206; 27538; 27496; 27447; 27296; 27246; 9318; 9131; 9256; 9028; 9334; 8987; 9167; 9019; 9187; 9114; 9030; 9234; 9035; 9095; 9041; 9079; 9101; 9006; 9105; 9076; 9238; 9220; 9192; 9109; 9098; 7012,0; 6014,0; 6936,0; 6995,0; 5991,0; 5997,0; 5998,0; 5960,0; 7048,0; 5993,0; 5997,0; 6000,0; 6002,0; 6000,0; 6003,0; 5994,0; 6001,0; 5998,0; 6067,0; 5002,0; 6037,0; 6019,0; 5993,0; 5980,0; 5960,0; 
9200; 27547; 27359; 27604; 27599; 27505; 27870; 27517; 27578; 27732; 27633; 27719; 27795; 27744; 27527; 27729; 27772; 27500; 27933; 27733; 27631; 27381; 27316; 27636; 27580; 27529; 9215; 9136; 9220; 9260; 9175; 9325; 9184; 9211; 9300; 9218; 9301; 9295; 9319; 9181; 9291; 9334; 9183; 9407; 9281; 9227; 9113; 9080; 9238; 9202; 9194; 4996,0; 6085,0; 5975,0; 6093,0; 5998,0; 5997,0; 7000,0; 6507,0; 6002,0; 6181,0; 6999,0; 5990,0; 6446,0; 6233,0; 7003,0; 6016,0; 6255,0; 6010,0; 6447,0; 5948,0; 6083,0; 5918,0; 5112,0; 5997,0; 6001,0; 
9300; 27809; 28072; 27791; 28079; 27788; 28210; 27768; 27797; 27913; 27906; 27928; 27940; 28122; 27775; 27953; 27953; 27882; 27744; 28159; 27611; 27737; 27902; 27388; 27857; 27918; 9275; 9375; 9262; 9429; 9283; 9485; 9271; 9289; 9302; 9395; 9347; 9367; 9423; 9252; 9343; 9328; 9312; 9306; 9495; 9205; 9253; 9310; 9121; 9297; 9348; 5998,0; 6027,0; 6276,0; 5997,0; 5998,0; 6000,0; 5376,0; 7164,0; 5000,0; 5000,0; 6013,0; 6163,0; 6369,0; 7016,0; 4995,0; 6073,0; 7636,0; 6249,0; 7100,0; 6017,0; 7400,0; 6002,0; 6022,0; 6973,0; 6107,0; 
9400; 28080; 28159; 28217; 28291; 28424; 28317; 28211; 28186; 28095; 28136; 28175; 28090; 28289; 28028; 28109; 28414; 28269; 28219; 28196; 28152; 28212; 28182; 28129; 28056; 28144; 9367; 9413; 9404; 9478; 9398; 9379; 9454; 9415; 9394; 9406; 9382; 9454; 9436; 9386; 9405; 9424; 9407; 9471; 9401; 9392; 9454; 9418; 9409; 9417; 9380; 6929,0; 6000,0; 6050,0; 7080,0; 5995,0; 5998,0; 6000,0; 6046,0; 6105,0; 6000,0; 6002,0; 6105,0; 5996,0; 6846,0; 5930,0; 6001,0; 6046,0; 6087,0; 6067,0; 6924,0; 6000,0; 7016,0; 5982,0; 7000,0; 6048,0; 
9500; 28474; 28512; 28354; 28347; 28619; 28417; 28825; 28367; 28488; 28321; 28548; 28530; 28726; 28427; 28143; 28455; 28453; 28167; 28607; 28816; 28536; 28664; 28467; 28496; 28256; 9505; 9554; 9426; 9455; 9605; 9482; 9695; 9445; 9535; 9457; 9587; 9545; 9642; 9502; 9376; 9543; 9491; 9375; 9600; 9655; 9550; 9552; 9464; 9526; 9390; 5994,0; 5987,0; 6937,0; 6006,0; 7022,0; 5910,0; 6000,0; 6003,0; 6996,0; 6062,0; 6001,0; 7001,0; 6982,0; 5998,0; 6022,0; 5975,0; 5997,0; 6001,0; 6961,0; 7022,0; 6980,0; 6000,0; 7001,0; 8935,0; 7048,0; 
9600; 28540; 28768; 29012; 28725; 28585; 28371; 29029; 28749; 28726; 28544; 28822; 28719; 28650; 29016; 28811; 28424; 28852; 29130; 28647; 28728; 29143; 28862; 28591; 28833; 28627; 9523; 9601; 9754; 9633; 9496; 9424; 9715; 9614; 9596; 9508; 9610; 9594; 9560; 9744; 9636; 9450; 9655; 9775; 9567; 9608; 9812; 9671; 9517; 9632; 9523; 6997,0; 7003,0; 5952,0; 6002,0; 7004,0; 7006,0; 6003,0; 6007,0; 7047,0; 6226,0; 6343,0; 6002,0; 6010,0; 6222,0; 5998,0; 6159,0; 6100,0; 6046,0; 6910,0; 7424,0; 6962,0; 6996,0; 7058,0; 8942,0; 8080,0; 
9700; 29129; 29238; 29122; 28956; 29029; 29253; 29193; 29228; 28967; 29237; 29069; 29050; 29095; 29065; 29080; 28996; 28798; 29162; 29016; 29110; 29209; 29064; 28898; 29096; 29177; 9728; 9813; 9728; 9709; 9682; 9776; 9732; 9761; 9663; 9815; 9749; 9675; 9680; 9707; 9742; 9668; 9569; 9718; 9657; 9720; 9787; 9697; 9658; 9717; 9780; 6027,0; 5986,0; 6034,0; 6015,0; 6956,0; 7041,0; 6994,0; 7976,0; 6995,0; 7006,0; 7022,0; 7050,0; 6989,0; 7197,0; 6994,0; 7003,0; 6999,0; 7043,0; 7003,0; 6995,0; 8186,0; 5981,0; 7040,0; 7046,0; 7147,0; 
9800; 29405; 29296; 29618; 29405; 29425; 29478; 29465; 29272; 29342; 29251; 29314; 29475; 29436; 29061; 29287; 29289; 29247; 29113; 29396; 29302; 29219; 29609; 29477; 29350; 29355; 9796; 9839; 9969; 9848; 9794; 9824; 9860; 9772; 9818; 9795; 9767; 9834; 9793; 9674; 9801; 9794; 9768; 9724; 9820; 9784; 9804; 9888; 9848; 9807; 9811; 6994,0; 6281,0; 7133,0; 7048,0; 10233,0; 7046,0; 7837,0; 7376,0; 8430,0; 7060,0; 6937,0; 6485,0; 7007,0; 7063,0; 5997,0; 6339,0; 5954,0; 7138,0; 8073,0; 7076,0; 6994,0; 7451,0; 6995,0; 7387,0; 8052,0; 
9900; 29728; 29642; 29704; 29739; 29422; 29742; 29675; 29912; 29775; 29529; 29744; 29860; 29153; 30025; 29606; 29735; 29419; 29823; 29744; 29885; 30088; 29746; 29610; 29282; 29600; 9949; 9866; 9972; 9985; 9780; 9948; 9906; 10024; 9961; 9835; 9955; 9999; 9667; 10079; 9890; 9944; 9793; 9991; 9952; 10001; 10120; 9957; 9879; 9706; 9887; 6412,0; 6996,0; 7394,0; 8404,0; 8026,0; 7032,0; 5998,0; 6660,0; 5989,0; 7000,0; 6997,0; 5938,0; 6999,0; 7008,0; 7220,0; 6032,0; 6050,0; 7317,0; 7007,0; 7257,0; 6210,0; 6977,0; 8038,0; 6585,0; 10002,0; 
10000; 29866; 29936; 29946; 30090; 30027; 29927; 29656; 30210; 30029; 29929; 30046; 30137; 30003; 29953; 29926; 29936; 30038; 29938; 29985; 30126; 30075; 29837; 30016; 29879; 30233; 10031; 10027; 10018; 10033; 10007; 10004; 10021; 10045; 10018; 10003; 10025; 10022; 10026; 10025; 9995; 10002; 10030; 10028; 9982; 10025; 10045; 10018; 10011; 10020; 10014; 6733,0; 7104,0; 6056,0; 6403,0; 6995,0; 7003,0; 6984,0; 7004,0; 6926,0; 7067,0; 6989,0; 6943,0; 6053,0; 7004,0; 7000,0; 6995,0; 7009,0; 7020,0; 6935,0; 7000,0; 7000,0; 7045,0; 6956,0; 7043,0; 7010,0; 
