n; comparisons; ; ; ; ; ; ; ; ; ; ; ; ; ; ; ; ; ; ; ; ; ; ; ; ; duration;
1000; 10; 1; 9; 10; 9; 9; 9; 8; 10; 10; 7; 10; 9; 10; 10; 10; 9; 10; 10; 10; 9; 10; 10; 10; 8; 0,000000; 0,000000; 0,000000; 0,000000; 0,000000; 0,000000; 0,000994; 0,000000; 0,000000; 0,000000; 0,000000; 0,000000; 0,000000; 0,001004; 0,000000; 0,000000; 0,000000; 0,000000; 0,000000; 0,000998; 0,000000; 0,000000; 0,000000; 0,000000; 0,000998; 
2000; 11; 11; 11; 10; 10; 10; 11; 11; 9; 11; 11; 11; 11; 11; 11; 11; 11; 11; 11; 11; 11; 11; 11; 11; 11; 0,000000; 0,001002; 0,000000; 0,000000; 0,001002; 0,000000; 0,000995; 0,000000; 0,000000; 0,000000; 0,001003; 0,000000; 0,001003; 0,000000; 0,000000; 0,001013; 0,000000; 0,000980; 0,000000; 0,000000; 0,001002; 0,000000; 0,000000; 0,001000; 0,000000; 
3000; 8; 10; 11; 12; 12; 12; 11; 11; 11; 9; 10; 12; 12; 11; 11; 11; 12; 11; 12; 11; 12; 11; 11; 12; 11; 0,001006; 0,000000; 0,000992; 0,000000; 0,000000; 0,001005; 0,000000; 0,001000; 0,000000; 0,000998; 0,000000; 0,000000; 0,001000; 0,000000; 0,001000; 0,000000; 0,000000; 0,001000; 0,000000; 0,001038; 0,000000; 0,000965; 0,000000; 0,000000; 0,001040; 
4000; 12; 12; 12; 12; 12; 12; 12; 12; 9; 12; 12; 12; 9; 11; 11; 12; 11; 11; 12; 12; 12; 10; 11; 12; 11; 0,000954; 0,000000; 0,001009; 0,000000; 0,000997; 0,000995; 0,000000; 0,000998; 0,000000; 0,001002; 0,001000; 0,000000; 0,001000; 0,001002; 0,000000; 0,001066; 0,000000; 0,000997; 0,000993; 0,000000; 0,001000; 0,000000; 0,001007; 0,000000; 0,001014; 
5000; 10; 12; 12; 12; 13; 12; 9; 12; 12; 12; 12; 12; 13; 12; 13; 12; 11; 12; 12; 12; 13; 13; 13; 12; 10; 0,000989; 0,000997; 0,000000; 0,000937; 0,001033; 0,000971; 0,000994; 0,001000; 0,000000; 0,001120; 0,000937; 0,001000; 0,000000; 0,001007; 0,001003; 0,000992; 0,000000; 0,001011; 0,000930; 0,001003; 0,000000; 0,001062; 0,000934; 0,001060; 0,000945; 
6000; 11; 10; 13; 8; 12; 12; 12; 12; 13; 13; 11; 13; 13; 13; 12; 13; 12; 12; 12; 12; 13; 12; 12; 13; 13; 0,001000; 0,000999; 0,001000; 0,001044; 0,001024; 0,000991; 0,001003; 0,001004; 0,000992; 0,001002; 0,000998; 0,001003; 0,000000; 0,001001; 0,000995; 0,001002; 0,000943; 0,001014; 0,000982; 0,001062; 0,001936; 0,001061; 0,000000; 0,001001; 0,001015; 
7000; 7; 12; 13; 13; 13; 8; 13; 13; 13; 12; 13; 13; 13; 12; 12; 11; 12; 10; 13; 10; 13; 12; 13; 13; 12; 0,000999; 0,001009; 0,000995; 0,000996; 0,001008; 0,000992; 0,001009; 0,000929; 0,002062; 0,001013; 0,000988; 0,001007; 0,000993; 0,001000; 0,001013; 0,000990; 0,000997; 0,001004; 0,001992; 0,001014; 0,001004; 0,000996; 0,000986; 0,001003; 0,001000; 
8000; 13; 11; 12; 13; 13; 13; 11; 13; 13; 13; 13; 12; 13; 13; 12; 13; 13; 13; 13; 13; 13; 13; 13; 13; 13; 0,000996; 0,002005; 0,001010; 0,001005; 0,001984; 0,001012; 0,000999; 0,002003; 0,000994; 0,001007; 0,001995; 0,001003; 0,000996; 0,001004; 0,001991; 0,001013; 0,000995; 0,001997; 0,000993; 0,001017; 0,001990; 0,001012; 0,000986; 0,001003; 0,001993; 
9000; 13; 13; 13; 14; 13; 13; 13; 13; 13; 13; 13; 14; 14; 13; 13; 13; 13; 13; 13; 12; 10; 13; 13; 12; 13; 0,000998; 0,002002; 0,001012; 0,001988; 0,001003; 0,001998; 0,001017; 0,001989; 0,000996; 0,002000; 0,001006; 0,001997; 0,001010; 0,000988; 0,002006; 0,000999; 0,000998; 0,002003; 0,001008; 0,000993; 0,001987; 0,001013; 0,001996; 0,001003; 0,002001; 
10000; 13; 14; 13; 14; 13; 13; 14; 14; 12; 13; 14; 14; 13; 13; 13; 13; 12; 13; 14; 12; 13; 13; 12; 14; 14; 0,001996; 0,001008; 0,001996; 0,001002; 0,001997; 0,000999; 0,002001; 0,000997; 0,002003; 0,002002; 0,000998; 0,002005; 0,001000; 0,001987; 0,001007; 0,002002; 0,001010; 0,001926; 0,002048; 0,001944; 0,001055; 0,001982; 0,000973; 0,002073; 0,001992; 
11000; 14; 13; 13; 14; 13; 14; 13; 14; 14; 13; 13; 12; 14; 13; 10; 14; 13; 12; 13; 14; 13; 14; 12; 14; 13; 0,000996; 0,001999; 0,001955; 0,002035; 0,002004; 0,001004; 0,001996; 0,002000; 0,001996; 0,001004; 0,002000; 0,001999; 0,001994; 0,001008; 0,001997; 0,002006; 0,002004; 0,000996; 0,001998; 0,002003; 0,000994; 0,001998; 0,001974; 0,002026; 0,002011; 
12000; 13; 14; 14; 13; 14; 14; 13; 14; 14; 14; 13; 13; 12; 12; 13; 14; 12; 14; 14; 13; 13; 14; 14; 13; 12; 0,001989; 0,002014; 0,000989; 0,002000; 0,001998; 0,002004; 0,001999; 0,002007; 0,002004; 0,001989; 0,001997; 0,002008; 0,002004; 0,000996; 0,001992; 0,002001; 0,002014; 0,001994; 0,002001; 0,002003; 0,001986; 0,002010; 0,002000; 0,001996; 0,001004; 
13000; 14; 12; 14; 14; 13; 14; 13; 14; 12; 13; 14; 14; 12; 13; 9; 14; 12; 14; 14; 13; 14; 12; 14; 14; 14; 0,001997; 0,002001; 0,001995; 0,002010; 0,001993; 0,001988; 0,002013; 0,001927; 0,003056; 0,002001; 0,002000; 0,002005; 0,002008; 0,002001; 0,002004; 0,002005; 0,001997; 0,001994; 0,001926; 0,002070; 0,001996; 0,002009; 0,001999; 0,001999; 0,002999; 
14000; 14; 14; 14; 13; 14; 14; 12; 14; 13; 14; 14; 14; 13; 13; 14; 14; 14; 13; 13; 13; 12; 10; 14; 14; 14; 0,001928; 0,001999; 0,002000; 0,002000; 0,003000; 0,002000; 0,002000; 0,002000; 0,002000; 0,002000; 0,002000; 0,003001; 0,002066; 0,001997; 0,003011; 0,002001; 0,001997; 0,001997; 0,003002; 0,002007; 0,001994; 0,001994; 0,002999; 0,002007; 0,002005; 
15000; 14; 14; 14; 14; 14; 14; 14; 14; 12; 7; 14; 14; 14; 8; 14; 14; 14; 14; 14; 14; 13; 14; 14; 11; 13; 0,002991; 0,002002; 0,003002; 0,002015; 0,002989; 0,001928; 0,002999; 0,002065; 0,002003; 0,003001; 0,001991; 0,002008; 0,003000; 0,002010; 0,001997; 0,002996; 0,002002; 0,003009; 0,001987; 0,002001; 0,003003; 0,001989; 0,003020; 0,001989; 0,001999; 
16000; 14; 14; 14; 14; 13; 14; 12; 14; 14; 14; 14; 14; 14; 14; 14; 13; 10; 14; 14; 14; 13; 14; 13; 14; 14; 0,002999; 0,002996; 0,002007; 0,002997; 0,002929; 0,003002; 0,002071; 0,002000; 0,002999; 0,003002; 0,002003; 0,003003; 0,001991; 0,003003; 0,002999; 0,002008; 0,002982; 0,002007; 0,003015; 0,002985; 0,003003; 0,002000; 0,003003; 0,001990; 0,002999; 
17000; 12; 14; 12; 14; 14; 13; 14; 13; 14; 14; 14; 13; 14; 12; 14; 15; 14; 14; 14; 14; 12; 14; 14; 15; 14; 0,003013; 0,002994; 0,002993; 0,003012; 0,002988; 0,002999; 0,003010; 0,002999; 0,003000; 0,002993; 0,003009; 0,003004; 0,002986; 0,003016; 0,002997; 0,002988; 0,003009; 0,001997; 0,003009; 0,003921; 0,005023; 0,003042; 0,003004; 0,001995; 0,003006; 
18000; 15; 14; 14; 14; 12; 14; 15; 14; 14; 14; 15; 14; 13; 14; 14; 15; 14; 12; 14; 14; 14; 14; 14; 14; 14; 0,003991; 0,003011; 0,001998; 0,003927; 0,002999; 0,002000; 0,003071; 0,003013; 0,002991; 0,003010; 0,002990; 0,002998; 0,002000; 0,002996; 0,003018; 0,002987; 0,003000; 0,002993; 0,003007; 0,003000; 0,002999; 0,002999; 0,003001; 0,002992; 0,003009; 
19000; 14; 14; 14; 14; 14; 14; 14; 14; 15; 14; 15; 15; 14; 15; 14; 15; 14; 14; 12; 15; 14; 6; 14; 14; 14; 0,003005; 0,002995; 0,002992; 0,003007; 0,003003; 0,002996; 0,003003; 0,002999; 0,002992; 0,004013; 0,002997; 0,003000; 0,003925; 0,003000; 0,002999; 0,003067; 0,004004; 0,003000; 0,002997; 0,003006; 0,002999; 0,003993; 0,003011; 0,002996; 0,002997; 
20000; 14; 14; 10; 12; 14; 14; 14; 15; 14; 14; 15; 15; 15; 14; 15; 15; 14; 15; 14; 15; 14; 14; 15; 11; 14; 0,004002; 0,003003; 0,002992; 0,003009; 0,002997; 0,003992; 0,003022; 0,002994; 0,003984; 0,003011; 0,002999; 0,003997; 0,003009; 0,002995; 0,002998; 0,003999; 0,003003; 0,003001; 0,003925; 0,004000; 0,002999; 0,003064; 0,004010; 0,002990; 0,003014; 
21000; 15; 14; 12; 14; 15; 15; 15; 14; 10; 15; 15; 14; 12; 12; 14; 15; 13; 14; 14; 14; 14; 15; 15; 11; 13; 0,003995; 0,002997; 0,004004; 0,002999; 0,003998; 0,003000; 0,003001; 0,003996; 0,002996; 0,004022; 0,003986; 0,003003; 0,003000; 0,004001; 0,003000; 0,002990; 0,004018; 0,002988; 0,003999; 0,003003; 0,004001; 0,002999; 0,003998; 0,003962; 0,003030; 
22000; 13; 14; 15; 15; 15; 14; 15; 14; 14; 14; 9; 14; 14; 14; 15; 14; 14; 12; 15; 12; 11; 15; 13; 14; 13; 0,004005; 0,003996; 0,003004; 0,004009; 0,002991; 0,004005; 0,003010; 0,003994; 0,003993; 0,003004; 0,003991; 0,003010; 0,003996; 0,003994; 0,003008; 0,003933; 0,003998; 0,003000; 0,004001; 0,003999; 0,002999; 0,004001; 0,003000; 0,002999; 0,004002; 
23000; 15; 15; 15; 15; 15; 15; 15; 15; 15; 15; 14; 13; 14; 14; 14; 15; 14; 14; 14; 14; 15; 15; 10; 15; 14; 0,004995; 0,004058; 0,004026; 0,003987; 0,004002; 0,003998; 0,003004; 0,004000; 0,003996; 0,004000; 0,004008; 0,004020; 0,004905; 0,003001; 0,003999; 0,003997; 0,004003; 0,004001; 0,004001; 0,003995; 0,004000; 0,004000; 0,004005; 0,003995; 0,003000; 
24000; 12; 15; 14; 15; 15; 15; 15; 13; 15; 15; 15; 15; 15; 12; 15; 14; 14; 15; 15; 15; 15; 14; 15; 15; 15; 0,004000; 0,004002; 0,003998; 0,004000; 0,004000; 0,004003; 0,003997; 0,004000; 0,003999; 0,005001; 0,004000; 0,004000; 0,004000; 0,004000; 0,004000; 0,004000; 0,003000; 0,005000; 0,004000; 0,003000; 0,004000; 0,004000; 0,004000; 0,004000; 0,003000; 
25000; 14; 15; 11; 15; 7; 15; 14; 14; 15; 14; 14; 15; 15; 9; 15; 14; 15; 14; 15; 14; 14; 9; 15; 15; 14; 0,004000; 0,003000; 0,005000; 0,004000; 0,004000; 0,004000; 0,003000; 0,004000; 0,005001; 0,003999; 0,005040; 0,003960; 0,004000; 0,004000; 0,003999; 0,004001; 0,004000; 0,005000; 0,004000; 0,004001; 0,003999; 0,004000; 0,004000; 0,004001; 0,003999; 
26000; 15; 15; 15; 14; 15; 15; 15; 15; 14; 15; 15; 14; 15; 15; 14; 15; 12; 14; 15; 15; 13; 15; 15; 15; 13; 0,004000; 0,004000; 0,005000; 0,004001; 0,003999; 0,004000; 0,004000; 0,004000; 0,004000; 0,005000; 0,004000; 0,004000; 0,004000; 0,004001; 0,003999; 0,004999; 0,004001; 0,004001; 0,005000; 0,003999; 0,004000; 0,004000; 0,004000; 0,004000; 0,004002; 
27000; 14; 15; 15; 15; 15; 15; 15; 15; 15; 15; 14; 13; 14; 14; 15; 13; 15; 14; 11; 12; 15; 15; 14; 15; 14; 0,004998; 0,004000; 0,004000; 0,005000; 0,004000; 0,004000; 0,005000; 0,004000; 0,004000; 0,004000; 0,005000; 0,004000; 0,004000; 0,005000; 0,004000; 0,005002; 0,003998; 0,004000; 0,005000; 0,004000; 0,004000; 0,005001; 0,003999; 0,005000; 0,004000; 
28000; 12; 15; 15; 15; 13; 14; 15; 15; 14; 15; 15; 15; 15; 13; 15; 8; 15; 15; 15; 15; 15; 9; 15; 15; 15; 0,005000; 0,004000; 0,005000; 0,004000; 0,005003; 0,004997; 0,004000; 0,005000; 0,004000; 0,005000; 0,005000; 0,004000; 0,005000; 0,005000; 0,004000; 0,005000; 0,004000; 0,005001; 0,003999; 0,005000; 0,004000; 0,005000; 0,004000; 0,005000; 0,004000; 
29000; 15; 15; 15; 9; 11; 14; 13; 15; 15; 15; 15; 15; 11; 15; 14; 14; 14; 15; 15; 15; 15; 14; 15; 13; 14; 0,003995; 0,005001; 0,003999; 0,005001; 0,005000; 0,005000; 0,005000; 0,004000; 0,005000; 0,005000; 0,005000; 0,004000; 0,005000; 0,004000; 0,005000; 0,005000; 0,005000; 0,004000; 0,005000; 0,005000; 0,004000; 0,005000; 0,005000; 0,004000; 0,005000; 
30000; 15; 15; 11; 14; 14; 15; 15; 15; 14; 15; 15; 15; 15; 15; 15; 15; 15; 15; 15; 15; 15; 15; 15; 15; 15; 0,005000; 0,005000; 0,005000; 0,005000; 0,005001; 0,004999; 0,005003; 0,005997; 0,005001; 0,004999; 0,005000; 0,004000; 0,005000; 0,004999; 0,005001; 0,005000; 0,005000; 0,005000; 0,005000; 0,004000; 0,006000; 0,004000; 0,005000; 0,005000; 0,005000; 
31000; 14; 15; 15; 15; 13; 15; 15; 15; 15; 13; 15; 15; 15; 14; 15; 15; 15; 15; 10; 15; 15; 15; 15; 15; 15; 0,005000; 0,005000; 0,005001; 0,005999; 0,005000; 0,005000; 0,005000; 0,005000; 0,005000; 0,005001; 0,004998; 0,005001; 0,005000; 0,005000; 0,005000; 0,004999; 0,005001; 0,005000; 0,004999; 0,005001; 0,005000; 0,005000; 0,005002; 0,005998; 0,005000; 
32000; 15; 15; 15; 15; 15; 15; 15; 15; 15; 15; 15; 15; 15; 11; 15; 14; 14; 15; 14; 14; 15; 15; 15; 13; 14; 0,005000; 0,006000; 0,005000; 0,005000; 0,005000; 0,006000; 0,005000; 0,006000; 0,004999; 0,005001; 0,006000; 0,005000; 0,005000; 0,005000; 0,006000; 0,005000; 0,005000; 0,006000; 0,005000; 0,005000; 0,005000; 0,005000; 0,005000; 0,006000; 0,005000; 
33000; 15; 14; 15; 12; 15; 14; 14; 15; 15; 15; 15; 13; 15; 15; 15; 15; 12; 15; 10; 14; 14; 15; 15; 15; 15; 0,006000; 0,005000; 0,004999; 0,006001; 0,005000; 0,005000; 0,006000; 0,005000; 0,005000; 0,006000; 0,005000; 0,006000; 0,005000; 0,005000; 0,006000; 0,005000; 0,006000; 0,005000; 0,005000; 0,006001; 0,004999; 0,006000; 0,005000; 0,005000; 0,006000; 
34000; 12; 15; 13; 15; 15; 15; 15; 15; 15; 14; 15; 15; 16; 15; 14; 10; 14; 13; 14; 15; 15; 15; 13; 14; 15; 0,006000; 0,005000; 0,006000; 0,005000; 0,006004; 0,005996; 0,006000; 0,005000; 0,006001; 0,004999; 0,006000; 0,005999; 0,005001; 0,006000; 0,005000; 0,006001; 0,005999; 0,005000; 0,006000; 0,005000; 0,005999; 0,005001; 0,006024; 0,005976; 0,005999; 
35000; 15; 11; 14; 15; 15; 15; 16; 15; 12; 15; 15; 15; 15; 15; 15; 15; 12; 15; 13; 15; 15; 15; 15; 15; 15; 0,005001; 0,007002; 0,004998; 0,006000; 0,006000; 0,005000; 0,005999; 0,006001; 0,006000; 0,005000; 0,006000; 0,006000; 0,005000; 0,006000; 0,005000; 0,006001; 0,006999; 0,005000; 0,006000; 0,006000; 0,006000; 0,006000; 0,006000; 0,006002; 0,004998; 
36000; 14; 14; 11; 15; 15; 15; 15; 15; 10; 15; 15; 16; 15; 15; 13; 15; 15; 15; 15; 15; 11; 15; 14; 16; 15; 0,004998; 0,006999; 0,005001; 0,006000; 0,007000; 0,006000; 0,006000; 0,005003; 0,005996; 0,007001; 0,005000; 0,006001; 0,006999; 0,005000; 0,007001; 0,006001; 0,005998; 0,006000; 0,006000; 0,006000; 0,006000; 0,006000; 0,006001; 0,005999; 0,006001; 
37000; 15; 16; 15; 15; 16; 15; 13; 15; 15; 12; 15; 15; 14; 15; 13; 15; 15; 13; 15; 16; 15; 15; 13; 15; 16; 0,005998; 0,006000; 0,006000; 0,006000; 0,006000; 0,006000; 0,006000; 0,006000; 0,006000; 0,006000; 0,006000; 0,006000; 0,006000; 0,006000; 0,006000; 0,006000; 0,007001; 0,005999; 0,007071; 0,006010; 0,006980; 0,006015; 0,006988; 0,007004; 0,006004; 
38000; 15; 15; 15; 15; 15; 14; 15; 16; 12; 16; 15; 14; 15; 16; 13; 15; 15; 15; 15; 15; 15; 14; 15; 15; 16; 0,006930; 0,007001; 0,007002; 0,005998; 0,007000; 0,007003; 0,006998; 0,006999; 0,006000; 0,006000; 0,006000; 0,005999; 0,007001; 0,006000; 0,006000; 0,007000; 0,006000; 0,007001; 0,005999; 0,007002; 0,005998; 0,006000; 0,006000; 0,007000; 0,006000; 
39000; 15; 13; 15; 16; 15; 15; 15; 14; 12; 15; 15; 15; 14; 15; 15; 15; 13; 12; 16; 15; 15; 15; 16; 15; 13; 0,006000; 0,007000; 0,007000; 0,005999; 0,007002; 0,005999; 0,006000; 0,007000; 0,007001; 0,006999; 0,006000; 0,007000; 0,006000; 0,007000; 0,006000; 0,007000; 0,007001; 0,005999; 0,006000; 0,007000; 0,006000; 0,007000; 0,006000; 0,007000; 0,007000; 
40000; 16; 16; 16; 15; 15; 15; 15; 16; 13; 15; 16; 15; 15; 16; 15; 16; 14; 15; 15; 15; 13; 15; 15; 15; 15; 0,006000; 0,007000; 0,006000; 0,007001; 0,005999; 0,007000; 0,007000; 0,006000; 0,007000; 0,007000; 0,006000; 0,007000; 0,006000; 0,007000; 0,007000; 0,007000; 0,007000; 0,006000; 0,007000; 0,007001; 0,006999; 0,006000; 0,007000; 0,007000; 0,006000; 
41000; 15; 16; 15; 15; 16; 15; 14; 16; 15; 13; 15; 15; 16; 16; 12; 13; 16; 15; 14; 16; 14; 16; 15; 14; 15; 0,007000; 0,007000; 0,007000; 0,007000; 0,007000; 0,007000; 0,007002; 0,006998; 0,007000; 0,006000; 0,007000; 0,007000; 0,007000; 0,007001; 0,005999; 0,007000; 0,007000; 0,007000; 0,006000; 0,008000; 0,007000; 0,006000; 0,007000; 0,007000; 0,006000; 
42000; 15; 14; 13; 14; 16; 13; 15; 15; 15; 15; 15; 16; 15; 15; 12; 13; 15; 15; 15; 15; 15; 13; 15; 15; 15; 0,008000; 0,007000; 0,007000; 0,007000; 0,007000; 0,007000; 0,007000; 0,007000; 0,007000; 0,008000; 0,006000; 0,007000; 0,007000; 0,007000; 0,007000; 0,007000; 0,007000; 0,007000; 0,007000; 0,007000; 0,007001; 0,006999; 0,007000; 0,007000; 0,008002; 
43000; 16; 16; 13; 16; 16; 15; 16; 15; 13; 16; 14; 16; 14; 14; 16; 15; 14; 16; 11; 15; 15; 15; 15; 14; 15; 0,006998; 0,007000; 0,007000; 0,007000; 0,007000; 0,007000; 0,008000; 0,007000; 0,007000; 0,007000; 0,007000; 0,007000; 0,009000; 0,007000; 0,007000; 0,007000; 0,006000; 0,008001; 0,006999; 0,007000; 0,007000; 0,007000; 0,006999; 0,007001; 0,008002; 
44000; 16; 15; 7; 16; 16; 16; 13; 15; 16; 14; 15; 15; 15; 16; 15; 15; 12; 16; 15; 14; 16; 16; 13; 15; 16; 0,006998; 0,009000; 0,007000; 0,007000; 0,008000; 0,007000; 0,007000; 0,008000; 0,007000; 0,008001; 0,005999; 0,008000; 0,007000; 0,007000; 0,008000; 0,008000; 0,007000; 0,007000; 0,007000; 0,008000; 0,007000; 0,008000; 0,007000; 0,008000; 0,007000; 
45000; 15; 11; 16; 15; 15; 14; 13; 16; 15; 16; 15; 16; 16; 16; 16; 16; 13; 14; 15; 16; 16; 16; 16; 16; 14; 0,008000; 0,007002; 0,008000; 0,008067; 0,007931; 0,008000; 0,007000; 0,008000; 0,007000; 0,007000; 0,008000; 0,007000; 0,008000; 0,007000; 0,008000; 0,007001; 0,007999; 0,008000; 0,008000; 0,007000; 0,007000; 0,008000; 0,008002; 0,006998; 0,008000; 
46000; 15; 16; 16; 15; 14; 12; 15; 16; 16; 15; 15; 16; 15; 16; 16; 15; 16; 12; 15; 16; 16; 15; 15; 16; 15; 0,007000; 0,008000; 0,008000; 0,008000; 0,007000; 0,009001; 0,006999; 0,008000; 0,008001; 0,007999; 0,008000; 0,008000; 0,008000; 0,007000; 0,008000; 0,007000; 0,008000; 0,008000; 0,008048; 0,007952; 0,008000; 0,007001; 0,007999; 0,008000; 0,008000; 
47000; 14; 16; 13; 16; 13; 16; 15; 13; 15; 16; 15; 16; 14; 14; 15; 13; 13; 16; 16; 16; 15; 15; 13; 16; 16; 0,008000; 0,008000; 0,008000; 0,007000; 0,008000; 0,008000; 0,009001; 0,006999; 0,008000; 0,008000; 0,007000; 0,009000; 0,008000; 0,008000; 0,007999; 0,008001; 0,008000; 0,008000; 0,008000; 0,008000; 0,008000; 0,008000; 0,008000; 0,008000; 0,008000; 
48000; 15; 15; 16; 11; 13; 16; 15; 13; 15; 16; 12; 16; 16; 16; 15; 16; 16; 13; 16; 15; 15; 12; 16; 15; 16; 0,008000; 0,008000; 0,008000; 0,008000; 0,008000; 0,008000; 0,008000; 0,009001; 0,006998; 0,008001; 0,008000; 0,008000; 0,008000; 0,008000; 0,008000; 0,008000; 0,008000; 0,008000; 0,008000; 0,008001; 0,008998; 0,008002; 0,007999; 0,008001; 0,007999; 
49000; 15; 15; 14; 15; 14; 16; 16; 13; 10; 15; 16; 15; 16; 15; 15; 15; 15; 16; 10; 12; 13; 16; 14; 14; 16; 0,009000; 0,007999; 0,008001; 0,008000; 0,008000; 0,008000; 0,009000; 0,008000; 0,008000; 0,009000; 0,007999; 0,008001; 0,009000; 0,008000; 0,008000; 0,009000; 0,008000; 0,008000; 0,007999; 0,009003; 0,007998; 0,008002; 0,007998; 0,009000; 0,008000; 
50000; 15; 15; 14; 15; 16; 16; 16; 15; 14; 16; 16; 15; 16; 16; 16; 14; 15; 16; 15; 15; 15; 16; 16; 15; 16; 0,009000; 0,008000; 0,008000; 0,009000; 0,008000; 0,009000; 0,008000; 0,009003; 0,009997; 0,008000; 0,008000; 0,009000; 0,008000; 0,008000; 0,009000; 0,008000; 0,007999; 0,008001; 0,009000; 0,008000; 0,009000; 0,008000; 0,009000; 0,008000; 0,008000; 
51000; 16; 15; 15; 14; 15; 16; 15; 15; 16; 12; 16; 16; 15; 15; 10; 15; 15; 14; 16; 16; 15; 16; 15; 15; 12; 0,009000; 0,009000; 0,008000; 0,009000; 0,009000; 0,009003; 0,007997; 0,009000; 0,009000; 0,008000; 0,009000; 0,008000; 0,009000; 0,008000; 0,009000; 0,009000; 0,008000; 0,010000; 0,008000; 0,008000; 0,009000; 0,009000; 0,008000; 0,009004; 0,008997; 
52000; 16; 16; 16; 16; 15; 11; 16; 14; 13; 14; 16; 16; 15; 15; 15; 15; 16; 15; 15; 15; 16; 16; 16; 14; 14; 0,008999; 0,009000; 0,009000; 0,009033; 0,008966; 0,008003; 0,009999; 0,008999; 0,009000; 0,008000; 0,009000; 0,009000; 0,009000; 0,008999; 0,008002; 0,009999; 0,008000; 0,009000; 0,009000; 0,008000; 0,009000; 0,009000; 0,009000; 0,008000; 0,009000; 
53000; 16; 15; 15; 15; 16; 15; 15; 15; 16; 15; 16; 16; 16; 16; 16; 16; 16; 16; 16; 15; 16; 16; 16; 15; 16; 0,009000; 0,009001; 0,008999; 0,009000; 0,009000; 0,009000; 0,009000; 0,009000; 0,009000; 0,009000; 0,008000; 0,009000; 0,009000; 0,010000; 0,009000; 0,009000; 0,009000; 0,009000; 0,009000; 0,009000; 0,008999; 0,008001; 0,009000; 0,009000; 0,009000; 
54000; 15; 16; 16; 15; 15; 16; 15; 16; 16; 16; 16; 15; 16; 16; 15; 16; 14; 15; 11; 16; 16; 15; 16; 12; 16; 0,009000; 0,010000; 0,009000; 0,009000; 0,009000; 0,010037; 0,011963; 0,008999; 0,010001; 0,009000; 0,010000; 0,009000; 0,010000; 0,008000; 0,009000; 0,010000; 0,009000; 0,009000; 0,010000; 0,009000; 0,009000; 0,009000; 0,009000; 0,009000; 0,010000; 
55000; 15; 14; 16; 14; 16; 16; 16; 14; 16; 15; 16; 16; 15; 16; 15; 15; 16; 16; 14; 14; 15; 16; 16; 12; 16; 0,009000; 0,009000; 0,009000; 0,010000; 0,009000; 0,009000; 0,009000; 0,010000; 0,009000; 0,009999; 0,009001; 0,010000; 0,009000; 0,009000; 0,009000; 0,009000; 0,010008; 0,008992; 0,010000; 0,010000; 0,009000; 0,009000; 0,010000; 0,009000; 0,009000; 
56000; 16; 16; 16; 7; 13; 14; 12; 16; 16; 14; 16; 13; 15; 15; 16; 15; 16; 16; 16; 16; 16; 16; 16; 16; 16; 0,010000; 0,009000; 0,010000; 0,009000; 0,010000; 0,010000; 0,009000; 0,010000; 0,009000; 0,010000; 0,008999; 0,009001; 0,010000; 0,009000; 0,010001; 0,008999; 0,010000; 0,009999; 0,009000; 0,010001; 0,009000; 0,010000; 0,009000; 0,010000; 0,009000; 
57000; 16; 16; 16; 14; 16; 16; 15; 16; 16; 14; 16; 15; 11; 16; 16; 16; 16; 16; 16; 15; 16; 16; 16; 15; 14; 0,010001; 0,009999; 0,009000; 0,010000; 0,010000; 0,009000; 0,010000; 0,009000; 0,011001; 0,008999; 0,010000; 0,010000; 0,009999; 0,010001; 0,009000; 0,010000; 0,008999; 0,010001; 0,010000; 0,009000; 0,010000; 0,010001; 0,008999; 0,010000; 0,010000; 
58000; 15; 16; 13; 16; 16; 16; 16; 16; 12; 16; 16; 13; 16; 16; 16; 16; 16; 16; 16; 14; 14; 16; 16; 16; 16; 0,010000; 0,009000; 0,010000; 0,010000; 0,009000; 0,010000; 0,011000; 0,009000; 0,010000; 0,010001; 0,009999; 0,010000; 0,010000; 0,010000; 0,009000; 0,010000; 0,011001; 0,009999; 0,010000; 0,010000; 0,010000; 0,010002; 0,010999; 0,008999; 0,010000; 
59000; 15; 15; 16; 16; 15; 16; 15; 16; 15; 16; 15; 16; 16; 16; 15; 16; 16; 15; 16; 16; 16; 16; 16; 15; 16; 0,009999; 0,011001; 0,009999; 0,010000; 0,010000; 0,010000; 0,011001; 0,009999; 0,010000; 0,010000; 0,010000; 0,011000; 0,010003; 0,009997; 0,010000; 0,010000; 0,010000; 0,009999; 0,010002; 0,010999; 0,010000; 0,010000; 0,010000; 0,010000; 0,010000; 
60000; 13; 16; 16; 14; 16; 15; 15; 16; 16; 15; 16; 16; 16; 14; 16; 16; 14; 16; 16; 13; 16; 16; 16; 15; 16; 0,010000; 0,011000; 0,010000; 0,010000; 0,010000; 0,010000; 0,011000; 0,011000; 0,010000; 0,010000; 0,010000; 0,011000; 0,010000; 0,010000; 0,010000; 0,010999; 0,011025; 0,010976; 0,009999; 0,010000; 0,011001; 0,010000; 0,010000; 0,011000; 0,010000; 
61000; 16; 16; 15; 16; 16; 15; 16; 16; 16; 14; 16; 16; 16; 16; 16; 16; 15; 16; 16; 16; 16; 13; 16; 16; 16; 0,011000; 0,009997; 0,012000; 0,010000; 0,010000; 0,011000; 0,011000; 0,011000; 0,011000; 0,010000; 0,010000; 0,011000; 0,010000; 0,011000; 0,010001; 0,011000; 0,009999; 0,011000; 0,010000; 0,010000; 0,011030; 0,009970; 0,011000; 0,010000; 0,011000; 
62000; 16; 16; 16; 16; 15; 16; 15; 16; 14; 16; 16; 15; 16; 16; 16; 16; 15; 14; 16; 16; 13; 16; 13; 16; 16; 0,011001; 0,010999; 0,010000; 0,011000; 0,010000; 0,012000; 0,011000; 0,011000; 0,011000; 0,011000; 0,010000; 0,011000; 0,010000; 0,011000; 0,011001; 0,010999; 0,011000; 0,010000; 0,011000; 0,010000; 0,012000; 0,010002; 0,010998; 0,011000; 0,011004; 
63000; 15; 16; 13; 16; 16; 16; 16; 16; 13; 16; 16; 16; 15; 16; 15; 16; 16; 16; 16; 16; 15; 16; 14; 16; 16; 0,010996; 0,010001; 0,010999; 0,011000; 0,011000; 0,010000; 0,011000; 0,011000; 0,011001; 0,010999; 0,010000; 0,011000; 0,011000; 0,013000; 0,010000; 0,011000; 0,011000; 0,011000; 0,011000; 0,011000; 0,011000; 0,010000; 0,011000; 0,011000; 0,011000; 
64000; 16; 16; 16; 16; 16; 16; 16; 13; 16; 15; 14; 16; 16; 16; 15; 16; 13; 16; 13; 16; 16; 13; 16; 16; 16; 0,010000; 0,012000; 0,011000; 0,010000; 0,011000; 0,012000; 0,011000; 0,010000; 0,012000; 0,011000; 0,010000; 0,012000; 0,011000; 0,011000; 0,011000; 0,011000; 0,011000; 0,011000; 0,011000; 0,011000; 0,012000; 0,011000; 0,011000; 0,011000; 0,011000; 
65000; 13; 15; 16; 16; 16; 16; 13; 16; 16; 15; 16; 16; 16; 16; 15; 16; 16; 16; 15; 16; 16; 16; 16; 16; 16; 0,011000; 0,011000; 0,011000; 0,011000; 0,011001; 0,011999; 0,011000; 0,011000; 0,011000; 0,011000; 0,011000; 0,011000; 0,011000; 0,011000; 0,012000; 0,011000; 0,012000; 0,011000; 0,011000; 0,011000; 0,011000; 0,011000; 0,011000; 0,011000; 0,011000; 
66000; 16; 16; 16; 16; 16; 16; 16; 16; 16; 16; 15; 16; 16; 16; 16; 16; 16; 15; 15; 15; 16; 16; 7; 16; 16; 0,011000; 0,012000; 0,012000; 0,012000; 0,011000; 0,012000; 0,011000; 0,012000; 0,011000; 0,011000; 0,011000; 0,011000; 0,011000; 0,012000; 0,011000; 0,011000; 0,013000; 0,012000; 0,012000; 0,011000; 0,011000; 0,011000; 0,012000; 0,011000; 0,011001; 
67000; 16; 16; 16; 16; 16; 16; 16; 14; 16; 16; 16; 16; 16; 16; 16; 14; 16; 16; 16; 16; 16; 14; 16; 16; 13; 0,011999; 0,012000; 0,011001; 0,010999; 0,012000; 0,012000; 0,011000; 0,012000; 0,012000; 0,011000; 0,012049; 0,011019; 0,012008; 0,011996; 0,011996; 0,011998; 0,012010; 0,011998; 0,011992; 0,012994; 0,012941; 0,013000; 0,012001; 0,012998; 0,012000; 
68000; 14; 16; 16; 12; 16; 16; 16; 14; 16; 14; 16; 16; 16; 14; 16; 16; 16; 16; 14; 16; 16; 16; 16; 14; 16; 0,011000; 0,012000; 0,012000; 0,011000; 0,013000; 0,011000; 0,012000; 0,011000; 0,012000; 0,012000; 0,012000; 0,012000; 0,012000; 0,012000; 0,012003; 0,011997; 0,011000; 0,012000; 0,011000; 0,012000; 0,012000; 0,012000; 0,011000; 0,012000; 0,012000; 
69000; 16; 16; 16; 14; 16; 13; 16; 17; 15; 16; 14; 16; 16; 17; 15; 16; 16; 16; 15; 14; 16; 16; 17; 14; 17; 0,012000; 0,012000; 0,011000; 0,012000; 0,012000; 0,012000; 0,012000; 0,012000; 0,011000; 0,012000; 0,012000; 0,012000; 0,011000; 0,013000; 0,012000; 0,012000; 0,012000; 0,012000; 0,012000; 0,013001; 0,013999; 0,012001; 0,011999; 0,012000; 0,012000; 
70000; 14; 14; 16; 16; 11; 14; 16; 16; 12; 16; 16; 15; 16; 16; 17; 16; 15; 16; 13; 16; 16; 16; 16; 16; 16; 0,012000; 0,013081; 0,012983; 0,013002; 0,011998; 0,013010; 0,012997; 0,013993; 0,012013; 0,012995; 0,011933; 0,013060; 0,013021; 0,011987; 0,012993; 0,011999; 0,013007; 0,012001; 0,013989; 0,013007; 0,012005; 0,011999; 0,012999; 0,012998; 0,012003; 
71000; 16; 16; 16; 16; 15; 16; 17; 16; 16; 16; 16; 16; 16; 16; 15; 17; 15; 15; 16; 16; 15; 13; 16; 16; 16; 0,012011; 0,013003; 0,012996; 0,013993; 0,013001; 0,014010; 0,013987; 0,013003; 0,012009; 0,012995; 0,013000; 0,012997; 0,013020; 0,011986; 0,013006; 0,012992; 0,012000; 0,013009; 0,012998; 0,013931; 0,013060; 0,012969; 0,013040; 0,012973; 0,014017; 
72000; 16; 17; 16; 14; 16; 16; 16; 16; 17; 15; 14; 17; 16; 17; 14; 16; 16; 16; 16; 16; 14; 15; 17; 16; 16; 0,014005; 0,013995; 0,014930; 0,013000; 0,013000; 0,014000; 0,013000; 0,013000; 0,012000; 0,012006; 0,014057; 0,013004; 0,012004; 0,013002; 0,013000; 0,013000; 0,013001; 0,014001; 0,013995; 0,013004; 0,013991; 0,013002; 0,013006; 0,012999; 0,013007; 
73000; 14; 16; 16; 17; 16; 15; 16; 16; 17; 16; 16; 16; 16; 16; 17; 15; 16; 16; 16; 16; 16; 15; 16; 16; 16; 0,012994; 0,012998; 0,014003; 0,013001; 0,012995; 0,014010; 0,012993; 0,012997; 0,012995; 0,013007; 0,013008; 0,013985; 0,014937; 0,014000; 0,013001; 0,013999; 0,013002; 0,012998; 0,012000; 0,012001; 0,013000; 0,012001; 0,012999; 0,012000; 0,013000; 
74000; 13; 17; 10; 15; 17; 15; 14; 16; 17; 17; 16; 16; 16; 16; 16; 17; 17; 16; 15; 16; 16; 16; 16; 16; 16; 0,013000; 0,011999; 0,013001; 0,012999; 0,013001; 0,014000; 0,012000; 0,013000; 0,013000; 0,012000; 0,013002; 0,012998; 0,013000; 0,013000; 0,013000; 0,013000; 0,012000; 0,013000; 0,014000; 0,012000; 0,013000; 0,013000; 0,013036; 0,011964; 0,012000; 
75000; 16; 16; 14; 13; 16; 16; 16; 17; 17; 17; 16; 15; 16; 15; 16; 17; 12; 16; 16; 12; 15; 14; 16; 16; 16; 0,013000; 0,013001; 0,014004; 0,012995; 0,013000; 0,013000; 0,013000; 0,013000; 0,013000; 0,014000; 0,013000; 0,013000; 0,013000; 0,013000; 0,012000; 0,013000; 0,013000; 0,014005; 0,012995; 0,013001; 0,012999; 0,013000; 0,014000; 0,012000; 0,013000; 
76000; 16; 15; 17; 16; 17; 16; 17; 16; 16; 16; 16; 16; 17; 14; 14; 17; 15; 17; 16; 13; 17; 16; 16; 16; 16; 0,014002; 0,012998; 0,013000; 0,014000; 0,013000; 0,013000; 0,013000; 0,014001; 0,012999; 0,013000; 0,013000; 0,013000; 0,013000; 0,013000; 0,014000; 0,014002; 0,012998; 0,013000; 0,013000; 0,013000; 0,013000; 0,014000; 0,013000; 0,014000; 0,013000; 
77000; 16; 16; 16; 16; 17; 16; 16; 16; 16; 16; 16; 16; 16; 14; 16; 15; 16; 15; 15; 16; 16; 15; 16; 16; 17; 0,014000; 0,013000; 0,013000; 0,013000; 0,014000; 0,014032; 0,012968; 0,014000; 0,013000; 0,013000; 0,014000; 0,013000; 0,013000; 0,014000; 0,014000; 0,013000; 0,013000; 0,013000; 0,014000; 0,013000; 0,014001; 0,012999; 0,014000; 0,013000; 0,014000; 
78000; 17; 16; 16; 12; 16; 12; 17; 13; 14; 17; 17; 17; 16; 16; 16; 17; 16; 16; 16; 16; 16; 16; 10; 16; 17; 0,013000; 0,014000; 0,013000; 0,015000; 0,013001; 0,013999; 0,013000; 0,015000; 0,013003; 0,013997; 0,014071; 0,013929; 0,013000; 0,014000; 0,014000; 0,013000; 0,014000; 0,014000; 0,014000; 0,014000; 0,013000; 0,014000; 0,014000; 0,014000; 0,014000; 
79000; 16; 17; 16; 16; 17; 16; 17; 15; 17; 17; 16; 16; 17; 16; 15; 16; 16; 16; 17; 16; 14; 16; 16; 16; 16; 0,015078; 0,013995; 0,013995; 0,014997; 0,014010; 0,014994; 0,014929; 0,014075; 0,014990; 0,014013; 0,015004; 0,013994; 0,013998; 0,014986; 0,015010; 0,016002; 0,015009; 0,016001; 0,013982; 0,014011; 0,014992; 0,015936; 0,013998; 0,016000; 0,013001; 
80000; 16; 16; 16; 15; 16; 16; 16; 15; 16; 16; 16; 15; 13; 16; 14; 16; 16; 16; 16; 16; 16; 16; 16; 16; 16; 0,014000; 0,013000; 0,015000; 0,015000; 0,014000; 0,013000; 0,014000; 0,013000; 0,014000; 0,014000; 0,015000; 0,013000; 0,014001; 0,013999; 0,012999; 0,014001; 0,014000; 0,014001; 0,013999; 0,014000; 0,014000; 0,013000; 0,014000; 0,014000; 0,014000; 
81000; 17; 16; 16; 16; 17; 15; 15; 16; 17; 16; 17; 16; 16; 15; 16; 12; 15; 17; 16; 15; 17; 17; 16; 16; 17; 0,014000; 0,014000; 0,014000; 0,014000; 0,015001; 0,013999; 0,014000; 0,016000; 0,014000; 0,014000; 0,015007; 0,013993; 0,015000; 0,014000; 0,014000; 0,014001; 0,013999; 0,014000; 0,014000; 0,014000; 0,014000; 0,014001; 0,014999; 0,014000; 0,014000; 
82000; 16; 17; 16; 16; 17; 17; 17; 16; 16; 16; 15; 17; 16; 14; 17; 15; 14; 16; 15; 16; 16; 17; 15; 16; 16; 0,014000; 0,015000; 0,014000; 0,015000; 0,014000; 0,015000; 0,014000; 0,015001; 0,013999; 0,014001; 0,015000; 0,013999; 0,014000; 0,015000; 0,014000; 0,014000; 0,015000; 0,015001; 0,013999; 0,015000; 0,015000; 0,015000; 0,015004; 0,014996; 0,015000; 
83000; 14; 16; 17; 17; 12; 16; 16; 17; 17; 15; 17; 15; 17; 16; 17; 16; 17; 16; 16; 17; 16; 16; 17; 17; 16; 0,016001; 0,015000; 0,013999; 0,015000; 0,015000; 0,014000; 0,016063; 0,014006; 0,016012; 0,014988; 0,014998; 0,015004; 0,014994; 0,016018; 0,014978; 0,016017; 0,014999; 0,013995; 0,015990; 0,014997; 0,015938; 0,015000; 0,015000; 0,014000; 0,015000; 
84000; 16; 17; 16; 16; 16; 16; 15; 15; 17; 16; 16; 17; 16; 17; 17; 17; 16; 14; 17; 14; 13; 13; 17; 16; 15; 0,015000; 0,014000; 0,015000; 0,015000; 0,014000; 0,015000; 0,015000; 0,015000; 0,014000; 0,015000; 0,015000; 0,015000; 0,014000; 0,016000; 0,014000; 0,015000; 0,015000; 0,015000; 0,014000; 0,015000; 0,015000; 0,014000; 0,015034; 0,014966; 0,015000; 
85000; 15; 16; 17; 16; 17; 16; 14; 17; 17; 16; 16; 15; 16; 14; 15; 13; 14; 17; 17; 17; 13; 17; 16; 16; 11; 0,015000; 0,015000; 0,015000; 0,014000; 0,016000; 0,014000; 0,015000; 0,015004; 0,013996; 0,015000; 0,016000; 0,015000; 0,015002; 0,014000; 0,016000; 0,015001; 0,015000; 0,015000; 0,015023; 0,015977; 0,014000; 0,015000; 0,015000; 0,015000; 0,015000; 
86000; 17; 16; 16; 17; 16; 16; 14; 13; 17; 16; 17; 17; 16; 15; 17; 17; 14; 15; 17; 16; 16; 14; 17; 17; 16; 0,016001; 0,015000; 0,014999; 0,015000; 0,015000; 0,015000; 0,014000; 0,015000; 0,015000; 0,015000; 0,015000; 0,015000; 0,015000; 0,015000; 0,016001; 0,016067; 0,015005; 0,016010; 0,015986; 0,016998; 0,015932; 0,015083; 0,016980; 0,017003; 0,016001; 
87000; 17; 16; 17; 14; 17; 17; 17; 15; 17; 15; 15; 15; 16; 17; 12; 16; 14; 16; 16; 16; 16; 17; 16; 17; 17; 0,017001; 0,016005; 0,016998; 0,015991; 0,016019; 0,015992; 0,015997; 0,016000; 0,016005; 0,015995; 0,016993; 0,015008; 0,016000; 0,016012; 0,016977; 0,015942; 0,015080; 0,016991; 0,015992; 0,015008; 0,016997; 0,016002; 0,015999; 0,015997; 0,016002; 
88000; 17; 15; 17; 17; 17; 16; 16; 17; 17; 17; 16; 16; 12; 17; 17; 17; 15; 15; 16; 16; 13; 16; 16; 17; 17; 0,017028; 0,016981; 0,015989; 0,016998; 0,017001; 0,016011; 0,016992; 0,016002; 0,015930; 0,017063; 0,016005; 0,016012; 0,015993; 0,015996; 0,017001; 0,015999; 0,016000; 0,016000; 0,017000; 0,016011; 0,015982; 0,017014; 0,015987; 0,016010; 0,015995; 
89000; 17; 17; 16; 16; 17; 17; 17; 17; 16; 17; 14; 16; 15; 16; 16; 16; 16; 17; 16; 17; 16; 17; 17; 16; 16; 0,016998; 0,017005; 0,016992; 0,017011; 0,015995; 0,016002; 0,016996; 0,016000; 0,016999; 0,017000; 0,017006; 0,016998; 0,016001; 0,015998; 0,016995; 0,016997; 0,017000; 0,017006; 0,016009; 0,016997; 0,016927; 0,016065; 0,016010; 0,017003; 0,015995; 
90000; 16; 16; 12; 17; 17; 16; 16; 15; 17; 15; 16; 16; 15; 16; 16; 16; 16; 17; 17; 16; 16; 16; 16; 17; 16; 0,016997; 0,016991; 0,017009; 0,017007; 0,015993; 0,016991; 0,016008; 0,016999; 0,017007; 0,016994; 0,016009; 0,016990; 0,016993; 0,017007; 0,017000; 0,018006; 0,016000; 0,017003; 0,016985; 0,016009; 0,016997; 0,016999; 0,017008; 0,016997; 0,017926; 
91000; 16; 15; 11; 16; 17; 17; 16; 17; 17; 17; 16; 17; 16; 16; 17; 17; 15; 17; 16; 17; 16; 17; 17; 16; 16; 0,016073; 0,017965; 0,017039; 0,017000; 0,017004; 0,017001; 0,015989; 0,018004; 0,017008; 0,017001; 0,016991; 0,017996; 0,016003; 0,017928; 0,017073; 0,018935; 0,017060; 0,018002; 0,016005; 0,017993; 0,017001; 0,015992; 0,017014; 0,017994; 0,016004; 
92000; 15; 16; 16; 17; 16; 15; 16; 17; 17; 15; 16; 17; 16; 15; 17; 16; 17; 17; 17; 15; 16; 16; 17; 17; 17; 0,016997; 0,017001; 0,017011; 0,016991; 0,018005; 0,017000; 0,017922; 0,017073; 0,016988; 0,017012; 0,017926; 0,017000; 0,017000; 0,017000; 0,017070; 0,017011; 0,016985; 0,017000; 0,017013; 0,016994; 0,017003; 0,018002; 0,017989; 0,019010; 0,017008; 
93000; 17; 11; 17; 16; 17; 16; 17; 17; 17; 14; 15; 16; 17; 17; 16; 16; 16; 14; 17; 16; 11; 17; 16; 14; 16; 0,016980; 0,017000; 0,017938; 0,018065; 0,018008; 0,017995; 0,018997; 0,017935; 0,018071; 0,018004; 0,016996; 0,017001; 0,017986; 0,017015; 0,017002; 0,016996; 0,017007; 0,017983; 0,017937; 0,016075; 0,017996; 0,016995; 0,017008; 0,017999; 0,017995; 
94000; 17; 17; 16; 16; 17; 17; 17; 16; 17; 17; 16; 15; 16; 16; 16; 17; 17; 17; 16; 16; 16; 16; 17; 17; 17; 0,016996; 0,018006; 0,017005; 0,018000; 0,017002; 0,017923; 0,018065; 0,018934; 0,017000; 0,017000; 0,017000; 0,016000; 0,017000; 0,019082; 0,018992; 0,018009; 0,016988; 0,018005; 0,018000; 0,017989; 0,017008; 0,017991; 0,017014; 0,017995; 0,016993; 
95000; 17; 17; 17; 17; 17; 17; 16; 17; 16; 15; 14; 16; 15; 16; 17; 17; 16; 17; 15; 16; 16; 16; 17; 17; 16; 0,017999; 0,017019; 0,017990; 0,017999; 0,018005; 0,017982; 0,017013; 0,018006; 0,017994; 0,016930; 0,018000; 0,017000; 0,017000; 0,015999; 0,017001; 0,017000; 0,016000; 0,017000; 0,017999; 0,017001; 0,016000; 0,018000; 0,016997; 0,017000; 0,017000; 
96000; 16; 16; 17; 16; 17; 17; 16; 14; 16; 17; 16; 16; 17; 16; 17; 16; 14; 17; 16; 15; 17; 16; 16; 16; 17; 0,017000; 0,017000; 0,016000; 0,018000; 0,016000; 0,017000; 0,017000; 0,017000; 0,017000; 0,018000; 0,017000; 0,016000; 0,017000; 0,017000; 0,017000; 0,017000; 0,017000; 0,017000; 0,017000; 0,017000; 0,017000; 0,017000; 0,017000; 0,018000; 0,017000; 
97000; 17; 17; 15; 17; 17; 12; 15; 17; 16; 17; 16; 17; 16; 17; 14; 17; 17; 16; 12; 17; 17; 17; 17; 17; 16; 0,017000; 0,018000; 0,018000; 0,017000; 0,017000; 0,017000; 0,018000; 0,017000; 0,018000; 0,017000; 0,017000; 0,017001; 0,016999; 0,017000; 0,018000; 0,017000; 0,017001; 0,016999; 0,018001; 0,019999; 0,016000; 0,017000; 0,017000; 0,017000; 0,017000; 
98000; 16; 17; 17; 17; 17; 12; 17; 15; 16; 16; 16; 17; 17; 16; 16; 17; 9; 17; 15; 14; 16; 16; 17; 17; 17; 0,017018; 0,017982; 0,017000; 0,017000; 0,018001; 0,017999; 0,018000; 0,017000; 0,018000; 0,018001; 0,016999; 0,018000; 0,017000; 0,017000; 0,018000; 0,018000; 0,016000; 0,018000; 0,018000; 0,017000; 0,017000; 0,018000; 0,017000; 0,017000; 0,017000; 
99000; 17; 16; 15; 17; 17; 16; 16; 14; 17; 17; 17; 17; 17; 17; 17; 15; 15; 17; 17; 16; 17; 15; 17; 16; 17; 0,016998; 0,017000; 0,017000; 0,017003; 0,017997; 0,017000; 0,018000; 0,018000; 0,018000; 0,018000; 0,018000; 0,017000; 0,018000; 0,017000; 0,017000; 0,018000; 0,017002; 0,018000; 0,017000; 0,018001; 0,017000; 0,018000; 0,018000; 0,017000; 0,018000; 
100000; 17; 17; 15; 16; 17; 13; 16; 17; 17; 16; 17; 17; 16; 15; 17; 17; 17; 16; 17; 17; 16; 17; 17; 14; 14; 0,017000; 0,019000; 0,017000; 0,018000; 0,018000; 0,018000; 0,018000; 0,017000; 0,019000; 0,017000; 0,018000; 0,018000; 0,018000; 0,018000; 0,018000; 0,018069; 0,018995; 0,020001; 0,018996; 0,018017; 0,017997; 0,018982; 0,019013; 0,018999; 0,019001; 
